Natinality,ID,Overal,Potential,Height,Weight,Age,WeakFoot,SkillMoves,Value,Wage,Nation_KitNumber,Club_KitNumber,BallControl,Dribbling,Marking,SlideTackle,StandTackle,Aggression,Reactions,AttPosition,Interceptions,Vision,Composure,Crossing,ShortPass,LongPass,Acceleration,Stamina,Strength,Balance,SprintSpeed,Agility,Jumping,Heading,ShotPower,Finishing,LongShots,Curve,FKAcc,Penalties,Volleys,GKPositioning,GKDiving,GKHandling,GKKicking,GKReflexes
Afghanistan,243927.5,65.5,68.0,172.5,65.0,25.5,3.0,2.5,912500.0,1950.0,,7.5,65.0,66.5,49.0,47.5,47.5,46.5,56.0,53.5,39.0,55.5,55.0,63.0,60.5,48.0,83.0,70.0,42.5,76.5,80.0,85.5,59.5,40.5,56.0,56.5,43.5,53.0,51.5,54.0,52.5,11.0,13.0,6.5,8.5,10.5
Albania,229341.42,65.0,70.62,182.48,75.86,25.12,2.94,2.4,2601900.0,8024.0,,22.6,59.86,55.84,49.16,45.88,48.88,60.56,60.1,50.24,47.84,53.4,59.44,48.68,59.28,53.16,63.34,64.66,67.28,63.06,63.76,62.14,65.1,54.68,60.12,47.88,49.34,46.76,44.38,50.34,44.7,13.5,13.5,12.76,13.24,13.64
Algeria,223726.27777777778,70.46296296296296,73.16666666666667,182.0185185185185,75.35185185185185,27.296296296296298,2.9444444444444446,2.759259259259259,5246296.296296297,21177.777777777777,,23.444444444444443,64.48148148148148,62.574074074074076,45.81481481481482,45.074074074074076,48.72222222222222,60.870370370370374,66.07407407407408,56.53703703703704,46.81481481481482,58.7037037037037,64.53703703703704,56.129629629629626,64.07407407407408,57.907407407407405,66.29629629629629,64.4074074074074,66.31481481481481,66.01851851851852,66.42592592592592,65.94444444444444,66.9074074074074,54.72222222222222,62.648148148148145,50.24074074074074,50.166666666666664,53.27777777777778,48.7962962962963,53.74074074074074,47.48148148148148,16.98148148148148,17.14814814814815,16.77777777777778,16.22222222222222,17.703703703703702
Andorra,192937.0,64.0,64.0,184.0,79.0,30.0,3.0,2.0,475000.0,1500.0,,3.0,56.0,52.0,56.0,64.0,62.0,72.0,60.0,39.0,58.0,48.0,56.0,53.0,57.0,58.0,53.0,63.0,78.0,53.0,68.0,44.0,75.0,68.0,58.0,28.0,32.0,37.0,29.0,45.0,41.0,8.0,9.0,7.0,12.0,6.0
Angola,226973.85714285713,67.0952380952381,73.85714285714286,178.52380952380952,73.04761904761905,24.80952380952381,3.0,2.8095238095238093,2574047.619047619,7066.666666666667,,24.761904761904763,63.61904761904762,64.47619047619048,40.476190476190474,37.57142857142857,40.476190476190474,54.285714285714285,63.38095238095238,57.095238095238095,39.61904761904762,56.42857142857143,61.714285714285715,57.57142857142857,62.76190476190476,54.23809523809524,73.61904761904762,64.61904761904762,63.23809523809524,68.38095238095238,73.80952380952381,71.66666666666667,67.04761904761905,51.476190476190474,61.95238095238095,52.666666666666664,52.19047619047619,54.42857142857143,47.0,53.666666666666664,51.285714285714285,13.142857142857142,13.857142857142858,12.238095238095237,12.80952380952381,12.285714285714286
Antigua & Barbuda,220374.75,62.0,67.25,179.0,72.75,25.0,3.0,2.5,1006250.0,3575.0,,11.75,55.0,56.75,50.75,51.25,53.5,55.75,57.0,53.5,52.5,52.25,52.75,57.0,53.75,47.25,75.75,71.25,70.25,64.5,75.75,66.75,73.75,54.75,47.25,43.5,43.25,45.25,34.75,39.5,32.0,13.0,9.75,10.0,10.25,10.0
Argentina,225336.52631578947,67.80631578947369,72.72842105263157,178.81684210526316,74.71052631578948,26.442105263157895,2.9168421052631577,2.473684210526316,3400970.5263157897,10585.157894736842,12.0,17.02315789473684,60.94315789473684,58.43157894736842,47.12,46.12736842105263,47.71157894736842,57.486315789473686,63.90526315789474,52.94842105263158,46.43157894736842,55.84947368421053,60.892631578947366,51.17578947368421,60.73578947368421,54.65578947368421,64.47263157894737,63.56,64.73789473684211,64.95052631578947,64.33368421052631,64.45473684210526,65.6378947368421,54.4821052631579,61.31473684210526,48.567368421052635,49.886315789473684,49.62421052631579,44.33052631578948,51.42631578947368,45.25578947368421,16.545263157894738,16.39263157894737,16.36315789473684,16.362105263157893,16.54736842105263
Armenia,211396.0,72.25,74.25,180.0,77.25,28.0,3.25,3.25,7500000.0,26500.0,,34.0,71.5,72.25,48.0,42.25,40.0,63.0,67.75,65.5,41.0,65.25,66.75,59.25,69.75,60.0,72.25,72.5,65.75,72.75,73.0,74.25,70.0,64.0,69.0,63.0,60.5,57.0,41.75,63.25,57.5,9.0,9.75,10.5,9.75,7.5
Aruba,183593.0,68.0,68.0,175.0,63.0,32.0,4.0,3.0,1000000.0,4100.0,,12.0,68.0,69.0,27.0,30.0,27.0,59.0,65.0,63.0,26.0,62.0,67.0,67.0,63.0,52.0,85.0,55.0,36.0,72.0,87.0,88.0,62.0,53.0,63.0,60.0,61.0,64.0,45.0,62.0,62.0,14.0,6.0,12.0,16.0,12.0
Australia,226216.44047619047,61.02777777777778,66.96428571428571,180.72222222222223,74.71428571428571,24.496031746031747,2.9285714285714284,2.2063492063492065,735161.2903225806,3219.7580645161293,12.0,18.634920634920636,53.51190476190476,51.32539682539682,44.34920634920635,44.30952380952381,46.083333333333336,52.26190476190476,55.38095238095238,46.773809523809526,44.166666666666664,50.17460317460318,54.86507936507937,45.87698412698413,54.79761904761905,48.87698412698413,63.95634920634921,61.67857142857143,62.76587301587302,63.78968253968254,63.84920634920635,63.07539682539682,62.79761904761905,45.54365079365079,51.01587301587302,41.932539682539684,40.52777777777778,42.285714285714285,36.53968253968254,44.3968253968254,37.21031746031746,15.96031746031746,16.285714285714285,16.226190476190474,16.400793650793652,16.456349206349206
Austria,225079.34259259258,66.04629629629629,70.58641975308642,182.94135802469137,76.44135802469135,25.47222222222222,3.067901234567901,2.2376543209876543,2118641.975308642,7837.962962962963,12.0,20.08641975308642,57.53395061728395,53.632716049382715,47.05246913580247,46.858024691358025,48.614197530864196,56.425925925925924,61.83024691358025,48.876543209876544,47.17901234567901,53.666666666666664,57.03086419753087,49.42901234567901,58.04012345679013,52.75617283950617,62.882716049382715,62.651234567901234,66.52777777777777,62.839506172839506,63.57098765432099,62.31481481481482,64.90432098765432,52.77160493827161,57.76234567901235,45.46296296296296,47.675925925925924,47.41358024691358,42.26543209876543,46.48148148148148,42.22222222222222,16.830246913580247,17.25925925925926,16.891975308641975,16.694444444444443,17.203703703703702
Azerbaijan,224474.83333333334,60.833333333333336,66.0,181.83333333333334,71.83333333333333,25.5,3.5,2.5,546666.6666666666,2516.6666666666665,,28.333333333333332,57.666666666666664,61.666666666666664,44.0,48.666666666666664,50.5,55.833333333333336,57.0,53.0,41.5,52.833333333333336,52.666666666666664,57.166666666666664,56.5,49.833333333333336,67.0,57.166666666666664,60.166666666666664,66.83333333333333,65.83333333333333,70.0,63.666666666666664,48.833333333333336,60.0,46.0,48.833333333333336,50.5,42.833333333333336,55.166666666666664,45.166666666666664,8.666666666666666,10.333333333333334,9.666666666666666,9.333333333333334,12.166666666666666
Barbados,200714.0,61.0,62.0,179.0,76.0,26.0,2.0,2.0,400000.0,2400.0,,45.0,59.0,60.0,14.0,25.0,22.0,44.0,58.0,63.0,19.0,47.0,58.0,56.0,55.0,37.0,72.0,68.0,61.0,75.0,74.0,61.0,48.0,52.0,62.0,62.0,56.0,54.0,60.0,62.0,50.0,10.0,10.0,12.0,7.0,9.0
Belarus,256318.66666666666,63.0,74.66666666666667,180.33333333333334,74.33333333333333,20.666666666666668,3.3333333333333335,2.3333333333333335,1433333.3333333333,3533.3333333333335,,67.33333333333333,60.0,66.0,23.0,23.333333333333332,23.666666666666668,40.333333333333336,61.333333333333336,60.333333333333336,18.0,53.0,51.666666666666664,52.666666666666664,59.0,52.0,72.33333333333333,58.333333333333336,59.666666666666664,67.66666666666667,69.66666666666667,71.33333333333333,59.0,58.0,57.666666666666664,60.0,55.333333333333336,52.0,36.666666666666664,63.0,50.666666666666664,7.666666666666667,7.333333333333333,11.666666666666666,10.0,8.0
Belgium,220973.99333333335,67.67666666666666,73.90333333333334,182.3,75.12666666666667,24.496666666666666,3.1733333333333333,2.4166666666666665,4685353.333333333,14919.666666666666,12.0,25.203333333333333,60.60333333333333,57.07333333333333,45.99,46.45666666666666,48.223333333333336,55.35333333333333,62.58,49.653333333333336,46.986666666666665,55.93333333333333,60.656666666666666,52.84,60.72666666666667,56.4,63.82333333333333,60.303333333333335,64.02333333333333,64.21666666666667,63.55,64.53,64.96666666666667,50.42666666666667,60.153333333333336,45.413333333333334,48.21333333333333,48.943333333333335,45.29666666666667,48.04333333333334,44.65,18.266666666666666,18.416666666666668,18.183333333333334,18.086666666666666,18.506666666666668
Belize,233810.5,63.0,63.5,177.5,78.5,27.5,2.5,2.0,525000.0,1800.0,,17.0,63.0,62.5,55.5,41.5,53.0,72.5,63.0,64.5,47.0,62.5,57.0,57.0,62.5,57.0,65.5,61.5,70.5,67.5,69.5,64.5,72.5,63.0,67.0,57.0,57.5,47.0,39.0,56.5,55.0,12.5,6.0,8.0,10.0,7.5
Benin,221601.14285714287,66.14285714285714,69.64285714285714,184.5,78.64285714285714,26.714285714285715,2.7857142857142856,2.357142857142857,1132142.857142857,4585.714285714285,,18.785714285714285,57.214285714285715,51.785714285714285,42.714285714285715,42.57142857142857,46.857142857142854,58.92857142857143,60.5,48.714285714285715,44.0,50.0,58.214285714285715,47.785714285714285,56.92857142857143,50.07142857142857,61.92857142857143,61.0,68.78571428571429,58.0,63.357142857142854,60.0,64.14285714285714,55.07142857142857,58.857142857142854,46.07142857142857,46.42857142857143,44.42857142857143,40.92857142857143,46.785714285714285,43.714285714285715,19.071428571428573,18.071428571428573,19.357142857142858,17.714285714285715,19.071428571428573
Bermuda,202686.0,72.0,72.0,170.0,69.0,30.0,3.0,3.0,2300000.0,32000.0,,21.0,72.0,68.0,35.0,35.0,43.0,68.0,72.0,77.0,49.0,69.0,69.0,60.0,65.0,53.0,77.0,69.0,57.0,79.0,74.0,79.0,64.0,70.0,69.0,76.0,67.0,67.0,67.0,68.0,68.0,11.0,10.0,6.0,13.0,7.0
Bolivia,242172.8951048951,61.41958041958042,66.62237762237763,177.11888111888112,72.01398601398601,25.636363636363637,2.6713286713286712,2.055944055944056,580142.8571428572,3051.4285714285716,12.0,18.104895104895103,53.68531468531469,47.38461538461539,43.86013986013986,42.90909090909091,45.77622377622377,48.02097902097902,57.42657342657343,44.70629370629371,44.67832167832168,48.13286713286713,48.93006993006993,42.84615384615385,53.13986013986014,45.55244755244755,59.48251748251748,62.2027972027972,59.37062937062937,62.55944055944056,59.62237762237762,58.54545454545455,62.93706293706294,48.40559440559441,46.44755244755245,40.67832167832168,39.23076923076923,37.88111888111888,34.91608391608391,41.31468531468531,34.24475524475525,16.965034965034967,16.846153846153847,16.79020979020979,16.97902097902098,16.83916083916084
Bosnia & Herzegovina,224171.0,68.65714285714286,71.94285714285714,184.88571428571427,78.5,27.3,3.0428571428571427,2.4,3273142.8571428573,13997.142857142857,,21.428571428571427,62.47142857142857,58.68571428571428,52.25714285714286,50.0,53.05714285714286,61.885714285714286,64.8,54.47142857142857,51.68571428571428,56.371428571428574,62.114285714285714,53.214285714285715,63.67142857142857,57.94285714285714,61.24285714285714,64.94285714285714,69.61428571428571,58.98571428571429,63.81428571428572,60.857142857142854,64.94285714285714,57.44285714285714,64.98571428571428,48.128571428571426,53.17142857142857,52.31428571428572,49.41428571428571,52.6,46.75714285714286,15.257142857142858,14.357142857142858,14.557142857142857,13.985714285714286,14.8
Brazil,226645.2372881356,70.96723163841808,73.10282485875706,180.67796610169492,75.7728813559322,26.16271186440678,2.9661016949152543,2.5548022598870057,5522757.644394111,15841.109852774633,12.0,21.27909604519774,64.12994350282486,61.331073446327686,49.257627118644066,49.161581920903956,51.31299435028249,60.40112994350282,68.13898305084746,55.31299435028249,50.68361581920904,58.76497175141243,64.8361581920904,55.09152542372881,63.9774011299435,57.731073446327684,66.39322033898306,65.93898305084745,67.66214689265537,63.72316384180791,66.44971751412429,65.47118644067797,65.85536723163843,57.781920903954806,63.784180790960455,51.20112994350283,53.818079096045196,52.9774011299435,49.543502824858756,54.74124293785311,49.570621468926554,15.854237288135593,16.11864406779661,15.724293785310735,15.892655367231638,16.34237288135593
Bulgaria,236032.20512820513,64.66666666666667,69.0,182.25641025641025,74.56410256410257,26.23076923076923,2.8974358974358974,2.358974358974359,940789.4736842106,3863.157894736842,12.0,62.94871794871795,56.43589743589744,52.666666666666664,43.48717948717949,44.48717948717949,45.256410256410255,55.97435897435897,61.82051282051282,51.41025641025641,44.43589743589744,52.76923076923077,57.51282051282051,49.205128205128204,57.46153846153846,51.666666666666664,64.56410256410257,62.23076923076923,63.35897435897436,63.1025641025641,65.07692307692308,62.8974358974359,63.64102564102564,50.02564102564103,55.205128205128204,46.1025641025641,46.35897435897436,45.0,45.333333333333336,48.30769230769231,43.38461538461539,15.153846153846153,16.076923076923077,15.794871794871796,14.58974358974359,15.948717948717949
Burkina Faso,233225.31578947368,67.0,73.73684210526316,179.78947368421052,72.73684210526316,23.526315789473685,2.789473684210526,2.789473684210526,4009210.5263157897,10342.105263157895,,20.736842105263158,62.8421052631579,60.94736842105263,42.578947368421055,41.8421052631579,45.1578947368421,58.05263157894737,62.68421052631579,50.1578947368421,42.73684210526316,53.05263157894737,60.0,53.31578947368421,61.63157894736842,54.0,73.36842105263158,62.68421052631579,65.21052631578948,67.42105263157895,73.26315789473684,70.36842105263158,70.15789473684211,55.421052631578945,59.63157894736842,48.89473684210526,46.36842105263158,45.578947368421055,39.473684210526315,51.78947368421053,43.8421052631579,14.789473684210526,12.894736842105264,13.0,13.789473684210526,14.0
Burundi,238414.125,62.875,69.25,176.875,73.875,23.375,3.25,2.5,918750.0,3725.0,,28.625,64.5,65.875,38.0,42.5,42.125,48.5,56.625,54.375,38.625,54.625,56.0,53.5,59.375,55.375,74.25,63.5,62.0,68.625,78.375,67.375,64.0,51.125,60.125,54.0,49.625,49.125,43.5,52.375,47.0,8.75,8.875,10.0,11.375,12.75
Cameroon,229736.4705882353,67.44705882352942,72.87058823529412,182.7058823529412,77.84705882352941,24.68235294117647,2.9529411764705884,2.3529411764705883,3452168.674698795,11857.831325301206,12.0,21.31764705882353,62.38823529411765,60.32941176470588,48.55294117647059,46.64705882352941,50.10588235294118,58.98823529411764,62.64705882352941,53.63529411764706,48.0,54.94117647058823,60.529411764705884,49.28235294117647,62.4,55.21176470588235,67.98823529411764,67.03529411764706,71.08235294117647,64.02352941176471,68.78823529411764,65.2,69.21176470588236,57.8235294117647,61.247058823529414,47.50588235294118,48.917647058823526,48.38823529411765,39.50588235294118,50.44705882352941,44.705882352941174,13.611764705882353,14.235294117647058,13.611764705882353,13.270588235294118,13.988235294117647
Canada,228749.0909090909,62.83116883116883,69.72727272727273,182.2077922077922,76.62337662337663,24.5974025974026,2.8181818181818183,2.207792207792208,1935120.0,4889.333333333333,12.0,28.376623376623378,52.922077922077925,50.94805194805195,43.142857142857146,42.33766233766234,45.45454545454545,55.58441558441559,58.103896103896105,44.857142857142854,43.142857142857146,50.63636363636363,55.25974025974026,42.77922077922078,54.61038961038961,48.76623376623377,62.45454545454545,57.84415584415584,65.33766233766234,61.51948051948052,62.285714285714285,60.883116883116884,64.66233766233766,48.142857142857146,55.0,41.506493506493506,41.688311688311686,43.41558441558441,34.96103896103896,44.077922077922075,38.72727272727273,18.064935064935064,18.857142857142858,17.064935064935064,16.74025974025974,18.025974025974026
Cape Verde,226198.1923076923,68.84615384615384,71.3076923076923,181.5,76.1923076923077,27.53846153846154,3.0384615384615383,2.8461538461538463,3170192.3076923075,10719.23076923077,,22.76923076923077,65.76923076923077,64.11538461538461,48.30769230769231,45.61538461538461,47.38461538461539,64.46153846153847,66.15384615384616,59.26923076923077,48.84615384615385,59.65384615384615,62.65384615384615,54.69230769230769,63.26923076923077,55.92307692307692,70.3076923076923,71.3076923076923,72.11538461538461,66.11538461538461,69.26923076923077,68.84615384615384,71.1923076923077,61.5,63.30769230769231,55.53846153846154,55.19230769230769,54.0,46.38461538461539,54.92307692307692,52.23076923076923,10.807692307692308,10.846153846153847,9.846153846153847,11.384615384615385,9.346153846153847
Central African Rep.,211198.66666666666,72.0,72.66666666666667,190.0,80.33333333333333,28.0,3.0,2.6666666666666665,7500000.0,23733.333333333332,,4.333333333333333,64.33333333333333,63.0,71.33333333333333,70.0,73.0,81.33333333333333,68.0,58.666666666666664,70.66666666666667,61.0,67.66666666666667,45.333333333333336,70.66666666666667,63.666666666666664,62.333333333333336,74.66666666666667,87.33333333333333,59.333333333333336,58.0,53.0,74.0,70.33333333333333,65.33333333333333,44.666666666666664,52.0,42.333333333333336,42.0,44.333333333333336,43.0,9.333333333333334,13.333333333333334,13.0,11.666666666666666,11.333333333333334
Chad,231041.0,73.0,73.0,186.0,81.0,27.0,3.0,3.0,3200000.0,19000.0,,29.0,69.0,72.0,21.0,23.0,25.0,69.0,70.0,70.0,24.0,64.0,67.0,69.0,68.0,58.0,89.0,86.0,76.0,57.0,91.0,66.0,79.0,63.0,79.0,70.0,72.0,65.0,53.0,70.0,71.0,15.0,6.0,11.0,9.0,9.0
Chile,226923.8770053476,64.06417112299465,69.89304812834224,176.71122994652407,72.28342245989305,25.454545454545453,2.8877005347593583,2.358288770053476,1673729.7297297297,7623.243243243243,12.0,18.13903743315508,58.37967914438503,55.02139037433155,44.64171122994652,45.50267379679144,47.82887700534759,52.919786096256686,59.11764705882353,50.73262032085562,45.74331550802139,53.406417112299465,55.25133689839572,48.850267379679146,59.7379679144385,54.53475935828877,64.3903743315508,62.79679144385027,63.44385026737968,66.81818181818181,63.63636363636363,63.850267379679146,65.70053475935829,49.786096256684495,56.60427807486631,45.8235294117647,47.42245989304813,45.62566844919786,42.475935828877006,47.29946524064171,40.04812834224599,15.636363636363637,16.13903743315508,15.283422459893048,15.53475935828877,15.909090909090908
China PR,227523.67486338798,58.923497267759565,62.32513661202186,181.87704918032787,73.9672131147541,27.19945355191257,2.8169398907103824,2.087431693989071,575147.5409836066,2715.3005464480875,12.0,19.62295081967213,49.77322404371585,47.740437158469945,46.39344262295082,44.59016393442623,45.42622950819672,52.5655737704918,56.150273224043715,46.15300546448088,44.48907103825137,50.423497267759565,51.22950819672131,44.30054644808743,51.35792349726776,48.021857923497265,62.297814207650276,60.41530054644809,61.959016393442624,62.931693989071036,62.71584699453552,60.80601092896175,63.095628415300546,48.36338797814208,50.986338797814206,39.46994535519126,39.797814207650276,41.15573770491803,38.631147540983605,42.07103825136612,37.22677595628415,16.838797814207652,17.202185792349727,16.729508196721312,17.01912568306011,17.19672131147541
Chinese Taipei,224883.5,65.0,66.5,182.0,72.5,28.5,3.0,2.0,937500.0,3900.0,,6.0,59.0,58.5,62.5,64.0,68.5,67.0,64.5,47.0,68.0,44.5,58.5,61.0,52.5,53.5,66.0,71.5,71.5,65.0,67.5,69.0,72.5,65.5,63.0,39.5,48.5,42.0,51.5,53.0,40.0,9.5,9.0,9.5,8.5,12.5
Colombia,227719.08823529413,66.65,71.64411764705882,179.4,74.71176470588236,26.06764705882353,2.8823529411764706,2.4823529411764707,2697857.9881656803,9344.970414201183,12.0,18.238235294117647,60.09411764705882,57.24411764705882,47.67941176470588,45.02647058823529,46.98529411764706,56.75588235294118,62.40882352941176,52.641176470588235,46.16470588235294,53.77058823529412,58.620588235294115,49.81470588235294,59.94117647058823,52.68235294117647,67.38529411764706,66.68823529411765,67.25588235294117,65.15,67.78235294117647,66.34411764705882,67.09411764705882,53.19705882352941,58.19117647058823,47.620588235294115,47.9264705882353,45.588235294117645,41.15294117647059,48.7,42.794117647058826,14.355882352941176,14.764705882352942,14.673529411764706,14.76764705882353,14.647058823529411
Comoros,227707.2857142857,64.92857142857143,69.21428571428571,176.71428571428572,70.28571428571429,25.5,3.0714285714285716,2.4285714285714284,1107500.0,5407.142857142857,,21.214285714285715,60.785714285714285,59.57142857142857,48.92857142857143,49.714285714285715,52.285714285714285,52.642857142857146,59.285714285714285,50.42857142857143,50.714285714285715,53.714285714285715,57.57142857142857,52.42857142857143,58.285714285714285,51.142857142857146,72.14285714285714,63.785714285714285,59.357142857142854,71.64285714285714,70.64285714285714,71.92857142857143,60.0,48.285714285714285,58.285714285714285,46.42857142857143,46.285714285714285,53.642857142857146,48.357142857142854,49.07142857142857,45.07142857142857,14.857142857142858,14.0,13.285714285714286,12.357142857142858,14.857142857142858
Congo,223662.35714285713,65.28571428571429,68.92857142857143,185.14285714285714,79.71428571428571,25.928571428571427,2.642857142857143,2.2857142857142856,1266071.4285714286,5121.428571428572,,18.857142857142858,57.42857142857143,53.785714285714285,44.785714285714285,45.42857142857143,46.5,59.357142857142854,59.357142857142854,48.5,44.785714285714285,48.214285714285715,54.07142857142857,40.214285714285715,57.57142857142857,50.142857142857146,64.71428571428571,62.714285714285715,76.21428571428571,56.857142857142854,67.07142857142857,59.714285714285715,65.42857142857143,58.285714285714285,59.714285714285715,44.214285714285715,43.07142857142857,40.42857142857143,35.714285714285715,46.142857142857146,41.07142857142857,15.214285714285714,15.357142857142858,15.5,16.0,15.214285714285714
Costa Rica,221558.9655172414,67.55172413793103,69.34482758620689,180.10344827586206,75.17241379310344,28.344827586206897,2.8275862068965516,2.6551724137931036,2177068.9655172415,8851.724137931034,,19.448275862068964,62.172413793103445,59.241379310344826,50.3448275862069,46.689655172413794,49.51724137931034,64.6896551724138,64.0,54.724137931034484,50.10344827586207,56.03448275862069,61.96551724137931,52.827586206896555,61.758620689655174,56.0,68.72413793103448,63.827586206896555,67.65517241379311,66.27586206896552,67.82758620689656,66.44827586206897,67.3103448275862,53.793103448275865,62.41379310344828,49.206896551724135,48.96551724137931,50.827586206896555,47.44827586206897,49.13793103448276,46.06896551724138,12.827586206896552,13.206896551724139,13.310344827586206,12.068965517241379,14.241379310344827
Croatia,231704.2074074074,69.45185185185186,73.80740740740741,185.53333333333333,79.35555555555555,25.755555555555556,3.1555555555555554,2.3777777777777778,4996037.037037037,15454.814814814816,,24.185185185185187,60.614814814814814,56.74074074074074,49.333333333333336,48.43703703703704,51.162962962962965,61.05185185185185,65.33333333333333,50.266666666666666,49.11851851851852,54.27407407407407,61.762962962962966,48.8,61.318518518518516,55.044444444444444,61.39259259259259,64.05185185185185,70.23703703703704,57.148148148148145,61.86666666666667,59.925925925925924,62.65925925925926,56.7037037037037,61.214814814814815,47.22222222222222,49.303703703703704,47.32592592592592,44.48148148148148,49.27407407407407,45.39259259259259,17.266666666666666,17.40740740740741,16.703703703703702,16.437037037037037,17.133333333333333
Cuba,233434.6,65.0,70.2,182.0,76.4,27.0,3.2,1.8,965000.0,2900.0,,22.2,49.4,47.2,44.6,50.0,52.8,52.0,57.8,41.0,45.4,52.0,52.2,44.8,55.2,51.2,59.2,55.6,68.4,62.0,57.0,61.6,61.6,47.4,58.8,32.0,35.0,43.2,33.0,39.4,37.2,21.6,20.8,21.6,20.0,20.6
Curacao,223240.41666666666,66.08333333333333,69.16666666666667,183.25,77.0,26.0,3.0,2.5,1233333.3333333333,5091.666666666667,,13.583333333333334,61.166666666666664,62.166666666666664,38.75,38.333333333333336,40.083333333333336,57.416666666666664,59.583333333333336,54.0,39.333333333333336,57.5,58.333333333333336,52.583333333333336,57.916666666666664,51.5,67.83333333333333,60.666666666666664,71.75,61.916666666666664,71.41666666666667,64.25,63.0,53.416666666666664,67.83333333333333,53.75,55.916666666666664,50.333333333333336,45.833333333333336,55.166666666666664,51.75,15.75,15.5,17.333333333333332,15.25,16.583333333333332
Cyprus,228086.1,60.9,69.6,181.0,72.7,23.5,2.9,2.4,980000.0,5260.0,,26.9,58.2,57.2,49.4,49.5,52.3,57.0,58.9,52.0,50.1,52.0,54.9,50.2,57.8,50.7,64.7,63.9,64.0,65.1,65.0,67.4,67.5,54.2,56.0,48.0,48.2,49.0,43.3,49.2,42.0,10.4,9.2,10.5,8.8,11.5
Czech Republic,224458.3873873874,70.13513513513513,73.3963963963964,184.93693693693695,78.42342342342343,27.00900900900901,3.027027027027027,2.315315315315315,3886945.945945946,11563.063063063064,12.0,18.135135135135137,59.513513513513516,56.531531531531535,48.468468468468465,48.62162162162162,49.693693693693696,60.306306306306304,66.77477477477477,50.98198198198198,49.792792792792795,57.207207207207205,63.13513513513514,51.666666666666664,60.090090090090094,56.351351351351354,63.44144144144144,63.306306306306304,68.91891891891892,60.468468468468465,64.09009009009009,61.68468468468468,64.70270270270271,55.108108108108105,61.63963963963964,46.83783783783784,48.95495495495496,49.090090090090094,44.054054054054056,48.711711711711715,45.95495495495496,20.73873873873874,20.34234234234234,20.18018018018018,20.47747747747748,21.16216216216216
DR Congo,222222.24242424243,67.18181818181819,71.39393939393939,180.96969696969697,75.95454545454545,25.606060606060606,2.8333333333333335,2.6515151515151514,2352045.4545454546,9848.484848484848,,22.666666666666668,61.34848484848485,59.65151515151515,43.74242424242424,42.666666666666664,45.84848484848485,59.378787878787875,61.75757575757576,53.54545454545455,43.77272727272727,54.13636363636363,60.74242424242424,52.484848484848484,58.53030303030303,51.77272727272727,69.56060606060606,64.39393939393939,68.72727272727273,65.07575757575758,70.48484848484848,68.28787878787878,68.1969696969697,56.10606060606061,61.34848484848485,49.68181818181818,49.77272727272727,48.65151515151515,41.45454545454545,50.166666666666664,45.92424242424242,14.378787878787879,14.515151515151516,14.348484848484848,13.484848484848484,14.121212121212121
Denmark,223844.96721311475,64.57049180327868,70.87540983606557,184.05901639344262,77.24590163934427,24.632786885245903,2.940983606557377,2.357377049180328,2171606.5573770492,8348.196721311475,12.0,19.154098360655738,59.27213114754098,55.4688524590164,48.3016393442623,45.019672131147544,48.44918032786885,56.52131147540984,60.17704918032787,50.721311475409834,47.1672131147541,54.36065573770492,58.68196721311475,48.40983606557377,58.96393442622951,53.28524590163934,64.06557377049181,63.83606557377049,67.18688524590164,63.18688524590164,64.96065573770491,62.59016393442623,64.5967213114754,51.4655737704918,57.68196721311475,45.65245901639344,45.252459016393445,47.58688524590164,41.38360655737705,44.363934426229505,42.35409836065574,15.718032786885246,15.770491803278688,15.62295081967213,15.816393442622951,16.124590163934425
Dominican Republic,240999.8,66.4,72.6,178.2,72.8,24.2,3.4,2.4,3360000.0,27480.0,,23.2,64.8,66.0,43.0,40.8,46.2,52.2,62.8,61.6,41.4,54.4,58.2,57.0,61.8,52.0,72.0,60.8,62.2,70.4,75.4,68.6,60.0,56.6,63.8,57.0,56.2,52.2,53.0,55.8,48.6,11.6,9.8,10.2,9.2,10.4
Ecuador,246335.9028340081,64.18623481781377,69.34817813765183,178.2672064777328,73.13765182186235,25.546558704453442,2.8097165991902835,2.3198380566801617,1289464.2857142857,5312.946428571428,12.0,25.437246963562753,57.43724696356275,52.93927125506073,42.97570850202429,42.178137651821864,44.67611336032389,51.7085020242915,60.550607287449395,49.78542510121458,44.08097165991903,51.54655870445344,53.25910931174089,48.477732793522264,57.497975708502025,49.902834008097166,65.56275303643724,62.19838056680162,62.73279352226721,65.00404858299595,65.51417004048584,63.25101214574899,63.40485829959514,50.25101214574899,54.7246963562753,46.412955465587046,45.283400809716596,43.76923076923077,39.33198380566802,46.75303643724696,40.45748987854251,15.821862348178138,15.692307692307692,15.740890688259109,15.615384615384615,15.931174089068826
Egypt,223536.9,71.16666666666667,73.2,179.6,74.76666666666667,27.633333333333333,3.3,2.466666666666667,13695454.545454545,43418.181818181816,12.0,70.13333333333334,64.43333333333334,62.7,51.1,48.766666666666666,51.46666666666667,61.56666666666667,66.4,56.13333333333333,52.63333333333333,58.53333333333333,64.2,55.4,63.9,58.5,66.7,67.8,69.63333333333334,67.76666666666667,67.33333333333333,66.93333333333334,67.13333333333334,56.666666666666664,65.6,51.733333333333334,55.56666666666667,55.43333333333333,47.86666666666667,55.96666666666667,48.13333333333333,17.133333333333333,17.4,16.8,17.066666666666666,16.766666666666666
El Salvador,226656.33333333334,65.66666666666667,69.0,174.33333333333334,74.33333333333333,27.666666666666668,3.3333333333333335,2.3333333333333335,958333.3333333334,2966.6666666666665,,13.333333333333334,58.0,55.0,64.0,62.333333333333336,66.0,61.666666666666664,62.666666666666664,48.0,64.0,52.666666666666664,58.333333333333336,48.666666666666664,59.666666666666664,53.666666666666664,61.333333333333336,71.0,66.66666666666667,73.66666666666667,62.333333333333336,56.0,61.0,52.666666666666664,55.666666666666664,47.333333333333336,45.333333333333336,44.666666666666664,45.666666666666664,53.0,42.0,10.333333333333334,9.333333333333334,13.0,9.0,7.333333333333333
England,220804.3816172193,63.27283304246655,70.3152995927865,181.83304246655032,74.19488074461897,24.46713205351949,2.891797556719023,2.2798138452588717,2334097.1495055263,9738.91797556719,12.0,18.35369400814427,56.2565445026178,53.9586969168121,46.17219313554392,45.1977894124491,47.27748691099477,54.67132053519488,59.031995346131474,48.5282140779523,45.46422338568935,52.07911576497964,56.42059336823735,47.62187318208261,55.92961023851076,50.59220477021524,64.8871436881908,62.5846422338569,64.00407213496219,64.6410703897615,64.96916812100058,63.53635834787667,64.73123909249564,50.419429901105296,54.69109947643979,44.261198371146016,44.397324025596276,45.01570680628272,40.42699243746364,46.616637579988364,40.31937172774869,15.452006980802793,15.757998836532868,15.696916812100058,15.456079115764979,15.900523560209423
Equatorial Guinea,229280.5,66.66666666666667,73.5,180.5,73.16666666666667,24.166666666666668,3.0,2.5,2379166.6666666665,9350.0,,31.833333333333332,67.83333333333333,66.0,54.5,53.166666666666664,54.166666666666664,67.66666666666667,62.666666666666664,57.5,49.5,61.666666666666664,61.166666666666664,59.833333333333336,65.5,64.66666666666667,68.66666666666667,67.33333333333333,66.16666666666667,66.66666666666667,69.0,67.16666666666667,67.83333333333333,59.166666666666664,68.33333333333333,49.666666666666664,58.666666666666664,58.5,51.166666666666664,53.166666666666664,49.5,7.833333333333333,7.5,8.333333333333334,11.166666666666666,8.333333333333334
Eritrea,188344.0,68.0,68.0,179.5,74.5,32.5,2.0,3.0,800000.0,2850.0,,31.0,70.5,68.0,55.5,37.5,45.5,64.5,69.5,74.0,56.5,69.0,72.0,58.5,67.5,63.0,61.5,69.5,72.5,67.0,60.0,67.5,64.0,50.0,73.0,61.5,59.5,64.0,61.0,67.0,55.5,7.5,12.0,12.5,14.0,9.5
Estonia,212673.6,64.2,70.2,181.6,74.4,26.8,2.8,2.0,775000.0,7560.0,,17.0,61.0,56.6,52.8,54.8,56.0,65.2,63.2,53.4,53.8,53.6,59.6,49.6,61.8,58.0,59.4,59.6,64.8,66.0,54.0,60.6,68.8,62.2,61.4,44.8,51.2,48.4,38.0,49.0,42.2,11.6,10.8,13.4,13.2,9.4
Ethiopia,204623.5,58.5,66.0,181.5,71.0,28.0,2.5,2.5,215000.0,1500.0,,26.0,58.5,56.5,50.5,53.0,54.0,54.0,54.0,44.0,54.5,54.0,50.0,56.0,55.5,49.0,66.0,66.0,55.5,66.0,69.0,68.0,74.0,57.0,57.5,40.0,46.5,42.5,41.0,41.5,45.5,9.5,6.5,6.0,10.0,8.0
Faroe Islands,208139.6,64.4,65.2,182.0,77.8,27.6,3.6,2.8,725000.0,3700.0,,9.8,65.0,63.0,50.4,46.8,52.6,63.4,61.6,61.2,52.2,60.0,60.8,60.6,64.0,59.8,71.0,75.2,66.4,72.2,70.2,71.0,69.0,52.6,64.0,58.2,58.0,55.0,48.4,53.6,45.4,11.2,12.6,9.2,10.6,8.4
Finland,222036.2,64.66153846153846,69.72307692307692,183.95384615384614,77.8923076923077,26.0,2.9846153846153847,2.292307692307692,1632881.3559322034,6413.559322033899,12.0,28.4,56.95384615384615,52.92307692307692,48.38461538461539,46.23076923076923,48.87692307692308,55.61538461538461,61.2,47.41538461538462,48.0,52.16923076923077,58.23076923076923,47.36923076923077,57.63076923076923,53.38461538461539,61.69230769230769,61.58461538461538,65.83076923076923,59.784615384615385,62.0,60.15384615384615,62.13846153846154,51.646153846153844,58.12307692307692,43.76923076923077,45.261538461538464,46.96923076923077,42.323076923076925,44.815384615384616,40.815384615384616,16.692307692307693,16.53846153846154,16.784615384615385,15.861538461538462,16.753846153846155
France,227884.73359840954,67.23856858846918,73.58747514910537,181.7713717693837,75.24751491053678,24.63817097415507,2.8956262425447314,2.4214711729622267,4636356.858846919,13453.976143141153,12.0,19.766401590457257,61.00497017892644,58.14612326043738,47.75745526838966,48.03081510934393,49.92147117296223,56.70377733598409,62.412524850894634,51.20775347912525,48.30914512922465,55.05268389662028,60.0427435387674,51.85487077534791,61.6699801192843,55.35288270377733,64.4155069582505,62.12922465208747,65.8469184890656,63.93041749502982,64.40159045725646,63.17892644135189,64.7534791252485,54.634194831013914,59.32007952286283,45.987077534791254,47.15009940357853,49.32902584493042,43.612326043737575,49.811133200795226,43.5765407554672,15.719681908548708,15.820079522862823,15.544731610337973,15.483101391650099,16.099403578528825
Gabon,225583.4,68.8,72.4,180.13333333333333,76.53333333333333,26.266666666666666,3.0,2.6666666666666665,7151666.666666667,20420.0,,20.0,65.6,63.733333333333334,50.333333333333336,48.46666666666667,50.2,59.0,65.0,58.0,50.86666666666667,58.733333333333334,62.2,58.733333333333334,64.0,56.666666666666664,69.66666666666667,68.26666666666667,64.53333333333333,69.13333333333334,71.33333333333333,65.73333333333333,64.73333333333333,59.93333333333333,62.13333333333333,53.8,54.6,54.46666666666667,48.86666666666667,56.86666666666667,51.666666666666664,10.066666666666666,9.8,11.266666666666667,11.866666666666667,10.6
Gambia,235816.04,65.04,71.8,183.36,75.08,23.76,2.72,2.32,1673200.0,5564.0,,24.56,61.2,60.24,42.88,41.52,43.88,56.68,59.96,55.12,41.8,53.16,58.92,47.08,59.0,49.84,71.96,68.0,68.0,63.96,74.92,66.36,65.92,57.84,58.48,52.36,50.24,47.0,40.44,53.44,44.92,11.0,9.16,10.36,10.8,10.04
Georgia,229655.22727272726,67.68181818181819,71.54545454545455,182.5909090909091,75.95454545454545,25.681818181818183,3.0,2.6363636363636362,1861363.6363636365,5459.090909090909,,17.772727272727273,64.86363636363636,63.63636363636363,43.63636363636363,42.95454545454545,45.81818181818182,54.90909090909091,62.81818181818182,56.13636363636363,43.72727272727273,59.22727272727273,60.40909090909091,54.90909090909091,62.54545454545455,57.18181818181818,66.31818181818181,65.68181818181819,65.95454545454545,66.22727272727273,67.5,67.31818181818181,61.86363636363637,54.81818181818182,62.13636363636363,54.22727272727273,53.0,55.40909090909091,50.36363636363637,51.90909090909091,43.63636363636363,12.909090909090908,12.545454545454545,12.727272727272727,12.090909090909092,12.5
Germany,227344.11046025105,65.71464435146443,71.17071129707114,183.855230125523,78.24853556485355,24.997489539748955,3.107112970711297,2.2669456066945606,2983954.8117154813,9142.092050209205,12.0,19.500418410041842,57.04518828451883,53.78242677824268,46.117991631799164,44.83933054393305,47.128033472803345,54.77238493723849,61.84267782426778,47.04016736401674,45.505439330543936,51.984100418410044,56.148117154811715,48.14058577405858,57.99497907949791,50.92301255230125,63.176569037656904,62.0836820083682,66.23933054393305,62.144769874476985,63.39330543933055,62.243514644351464,64.27949790794979,50.56066945606695,57.71046025104602,43.64016736401673,44.12384937238494,45.21757322175732,39.93305439330544,45.28117154811716,41.24769874476988,17.540585774058577,18.08284518828452,17.765690376569037,17.215062761506275,18.061087866108785
Ghana,229459.47540983607,67.27868852459017,72.63934426229508,178.5655737704918,72.95901639344262,24.524590163934427,2.9262295081967213,2.69672131147541,2831639.344262295,9889.344262295082,,21.327868852459016,64.54918032786885,63.77049180327869,47.67213114754098,47.28688524590164,50.30327868852459,61.75409836065574,63.08196721311475,55.75409836065574,48.295081967213115,56.51639344262295,60.98360655737705,53.49180327868852,63.34426229508197,56.08196721311475,74.01639344262296,66.38524590163935,65.55737704918033,70.63934426229508,73.61475409836065,71.77049180327869,71.20491803278688,54.08196721311475,63.72950819672131,51.41803278688525,53.23770491803279,51.72950819672131,42.58196721311475,51.14754098360656,48.59836065573771,11.39344262295082,11.90983606557377,11.508196721311476,11.573770491803279,11.39344262295082
Greece,228444.01020408163,68.6734693877551,73.60204081632654,183.1122448979592,77.10204081632654,25.193877551020407,2.86734693877551,2.2448979591836733,3076275.5102040814,10985.714285714286,12.0,25.224489795918366,57.83673469387755,53.97959183673469,49.43877551020408,48.37755102040816,49.1530612244898,59.683673469387756,63.92857142857143,48.43877551020408,46.97959183673469,52.39795918367347,60.30612244897959,49.61224489795919,58.36734693877551,54.826530612244895,65.41836734693878,63.38775510204081,67.11224489795919,61.826530612244895,65.53061224489795,62.94897959183673,66.62244897959184,53.02040816326531,62.0,43.90816326530612,49.48979591836735,46.88775510204081,43.55102040816327,46.89795918367347,42.255102040816325,18.56122448979592,18.775510204081634,18.683673469387756,18.29591836734694,19.29591836734694
Grenada,211366.75,64.5,67.75,184.0,78.75,26.5,3.0,2.5,843750.0,4100.0,,16.25,61.5,56.25,60.25,60.5,63.0,64.25,61.5,42.0,58.5,51.75,59.0,50.25,61.25,57.0,67.5,75.75,77.5,65.0,68.25,65.25,71.75,60.75,51.25,40.75,47.0,43.25,37.25,46.5,35.0,11.25,12.25,10.25,12.5,13.0
Guam,190883.0,66.0,66.0,175.0,68.0,33.0,3.0,2.0,600000.0,2400.0,,20.0,63.0,57.0,64.0,63.0,62.0,71.0,64.0,55.0,64.0,56.0,64.0,59.0,67.0,58.0,69.0,70.0,66.0,78.0,65.0,72.0,73.0,60.0,53.0,49.0,36.0,61.0,55.0,52.0,48.0,12.0,13.0,9.0,16.0,11.0
Guatemala,244835.0,62.0,69.0,172.0,66.0,23.0,3.0,3.0,800000.0,5600.0,,23.0,65.0,70.0,55.0,56.0,60.0,45.0,48.0,52.0,57.0,51.0,50.0,65.0,62.0,57.0,72.0,60.0,36.0,77.0,65.0,74.0,42.0,47.0,63.0,55.0,51.0,48.0,48.0,61.0,49.0,11.0,8.0,6.0,5.0,6.0
Guinea,228920.9642857143,67.39285714285714,72.42857142857143,182.32142857142858,76.25,25.642857142857142,3.0357142857142856,2.5,3282321.4285714286,10314.285714285714,,16.321428571428573,62.67857142857143,60.07142857142857,50.67857142857143,50.67857142857143,52.07142857142857,62.285714285714285,62.392857142857146,51.142857142857146,51.92857142857143,55.32142857142857,61.75,52.75,62.0,55.714285714285715,65.78571428571429,66.25,69.07142857142857,63.32142857142857,67.32142857142857,65.64285714285714,66.71428571428571,57.357142857142854,61.107142857142854,46.392857142857146,49.607142857142854,48.714285714285715,42.035714285714285,47.607142857142854,43.642857142857146,11.142857142857142,12.571428571428571,12.642857142857142,12.607142857142858,12.321428571428571
Guinea Bissau,230759.70588235295,66.88235294117646,71.29411764705883,179.1764705882353,74.0,25.235294117647058,2.7058823529411766,2.5294117647058822,2131764.705882353,6388.235294117647,,18.58823529411765,66.0,64.94117647058823,52.11764705882353,49.0,52.76470588235294,66.11764705882354,64.52941176470588,58.294117647058826,51.64705882352941,56.05882352941177,60.0,52.11764705882353,63.64705882352941,58.35294117647059,72.29411764705883,69.3529411764706,66.17647058823529,69.41176470588235,74.23529411764706,71.76470588235294,67.76470588235294,56.76470588235294,66.17647058823529,53.05882352941177,54.411764705882355,52.470588235294116,45.588235294117645,54.05882352941177,50.88235294117647,10.294117647058824,10.0,10.235294117647058,11.176470588235293,9.411764705882353
Guyana,227037.33333333334,58.77777777777778,66.11111111111111,183.66666666666666,76.66666666666667,23.88888888888889,2.7777777777777777,2.0,417777.77777777775,2022.2222222222222,,18.333333333333332,51.0,51.111111111111114,44.888888888888886,45.666666666666664,46.888888888888886,52.888888888888886,53.22222222222222,43.666666666666664,43.666666666666664,46.666666666666664,51.333333333333336,45.55555555555556,52.111111111111114,47.888888888888886,70.44444444444444,58.22222222222222,63.0,62.888888888888886,69.0,61.888888888888886,61.55555555555556,46.44444444444444,47.0,39.0,35.333333333333336,42.888888888888886,33.666666666666664,40.888888888888886,31.77777777777778,14.333333333333334,14.88888888888889,15.666666666666666,14.777777777777779,16.22222222222222
Haiti,225349.9,63.9,67.6,179.0,76.0,25.4,2.8,2.6,907500.0,2360.0,,41.1,63.9,60.9,48.1,45.8,47.5,57.3,57.4,49.4,45.8,52.1,57.7,52.9,61.7,53.1,68.9,64.1,66.0,68.6,70.0,66.6,65.9,55.7,57.4,46.8,49.6,49.3,38.7,49.6,45.0,11.8,8.3,9.2,10.1,9.7
Honduras,222666.8,67.8,70.4,179.8,75.2,28.2,3.0,2.6666666666666665,1743333.3333333333,5180.0,,21.2,65.66666666666667,65.13333333333334,43.2,43.8,46.0,65.8,64.8,62.733333333333334,44.333333333333336,61.2,63.333333333333336,58.53333333333333,64.4,54.93333333333333,71.66666666666667,68.33333333333333,71.4,65.13333333333334,73.06666666666666,68.8,71.53333333333333,62.06666666666667,69.06666666666666,58.6,59.0,56.6,49.6,59.86666666666667,53.2,10.733333333333333,10.6,10.066666666666666,10.4,10.6
Hong Kong,249149.5,53.0,61.0,174.5,71.5,22.5,3.5,2.0,210000.0,1600.0,,12.0,50.0,49.0,41.0,49.5,47.0,45.5,54.5,39.0,44.0,54.5,39.5,49.5,59.5,57.0,66.5,65.5,52.5,76.0,66.0,66.5,57.0,48.0,53.0,42.5,45.0,35.5,32.5,41.0,38.5,9.5,9.0,7.5,7.5,9.5
Hungary,226215.45454545456,67.56818181818181,71.8409090909091,184.5,78.72727272727273,26.204545454545453,3.1136363636363638,2.25,3929285.714285714,9942.857142857143,12.0,45.77272727272727,56.22727272727273,50.34090909090909,45.61363636363637,43.56818181818182,45.04545454545455,57.43181818181818,64.5909090909091,48.27272727272727,45.18181818181818,50.88636363636363,59.59090909090909,47.97727272727273,57.47727272727273,50.11363636363637,61.68181818181818,60.09090909090909,66.45454545454545,59.27272727272727,62.38636363636363,59.29545454545455,62.79545454545455,53.77272727272727,55.90909090909091,44.63636363636363,43.38636363636363,39.65909090909091,38.54545454545455,48.36363636363637,41.88636363636363,19.25,19.522727272727273,18.522727272727273,19.136363636363637,19.90909090909091
Iceland,219195.71698113208,65.71698113207547,69.83018867924528,185.37735849056602,78.09433962264151,26.641509433962263,3.0377358490566038,2.339622641509434,1619479.1666666667,7429.166666666667,12.0,24.88679245283019,58.37735849056604,54.924528301886795,49.113207547169814,47.83018867924528,50.075471698113205,59.58490566037736,62.54716981132076,50.41509433962264,48.660377358490564,55.58490566037736,59.528301886792455,50.075471698113205,58.83018867924528,53.698113207547166,62.16981132075472,63.37735849056604,68.9622641509434,62.075471698113205,63.886792452830186,60.075471698113205,63.509433962264154,53.43396226415094,60.43396226415094,48.113207547169814,49.320754716981135,50.39622641509434,44.905660377358494,49.867924528301884,45.22641509433962,15.81132075471698,15.471698113207546,15.415094339622641,15.452830188679245,15.566037735849056
India,251735.2068965517,58.86206896551724,59.172413793103445,178.93103448275863,73.89655172413794,31.344827586206897,2.793103448275862,2.103448275862069,,,12.0,99.0,52.86206896551724,49.827586206896555,36.724137931034484,39.51724137931034,41.6551724137931,57.6551724137931,53.51724137931034,46.793103448275865,43.206896551724135,49.0,54.275862068965516,47.48275862068966,51.41379310344828,48.58620689655172,64.10344827586206,62.62068965517241,60.89655172413793,62.758620689655174,63.48275862068966,62.13793103448276,67.03448275862068,49.0,53.58620689655172,42.172413793103445,43.3448275862069,47.44827586206897,44.06896551724138,46.13793103448276,42.758620689655174,15.206896551724139,17.24137931034483,16.586206896551722,15.517241379310345,16.0
Indonesia,244623.0,56.0,67.0,168.0,65.0,20.0,3.0,3.0,300000.0,1500.0,,32.0,58.0,60.0,19.0,52.0,47.0,38.0,47.0,47.0,21.0,60.0,58.0,40.0,62.0,61.0,55.0,34.0,30.0,67.0,66.0,65.0,52.0,40.0,47.0,44.0,38.0,50.0,44.0,47.0,42.0,15.0,10.0,13.0,8.0,9.0
Iran,232320.68421052632,69.94736842105263,71.94736842105263,183.52631578947367,76.47368421052632,27.36842105263158,3.210526315789474,2.6842105263157894,2448684.210526316,10000.0,,17.36842105263158,60.421052631578945,58.421052631578945,45.0,39.89473684210526,42.473684210526315,53.578947368421055,67.36842105263158,54.578947368421055,42.10526315789474,58.1578947368421,61.89473684210526,50.473684210526315,58.526315789473685,51.0,65.63157894736842,62.8421052631579,68.3157894736842,63.1578947368421,66.36842105263158,63.473684210526315,65.36842105263158,55.26315789473684,63.78947368421053,51.26315789473684,51.526315789473685,50.05263157894737,45.421052631578945,50.94736842105263,48.421052631578945,20.526315789473685,20.31578947368421,19.842105263157894,19.736842105263158,21.105263157894736
Iraq,217473.4,69.6,71.2,182.6,72.0,27.4,3.4,3.2,2360000.0,4500.0,,21.0,69.6,70.2,52.0,42.6,47.8,63.0,69.4,66.2,50.2,61.8,69.6,60.2,65.8,55.4,72.2,73.4,67.4,66.6,71.8,72.6,62.8,54.4,74.0,63.0,68.4,65.2,58.6,67.6,63.2,9.8,11.2,10.2,10.8,10.4
Israel,235738.0,68.08695652173913,71.17391304347827,180.7826086956522,75.21739130434783,26.91304347826087,3.5217391304347827,2.608695652173913,3370652.1739130435,10308.695652173914,,22.130434782608695,64.69565217391305,63.52173913043478,37.130434782608695,35.30434782608695,38.69565217391305,48.869565217391305,63.26086956521739,61.130434782608695,35.78260869565217,59.30434782608695,63.0,49.65217391304348,61.26086956521739,53.95652173913044,67.17391304347827,63.30434782608695,65.0,65.95652173913044,66.91304347826087,67.8695652173913,65.0,56.56521739130435,64.65217391304348,59.17391304347826,57.391304347826086,54.52173913043478,48.82608695652174,57.73913043478261,55.26086956521739,15.73913043478261,15.521739130434783,14.695652173913043,13.695652173913043,14.956521739130435
Italy,215264.30104712042,69.52094240837697,74.2696335078534,182.83769633507853,75.84293193717278,26.400523560209425,2.9214659685863875,2.4528795811518322,5160316.753926702,17736.649214659687,12.0,26.460732984293195,61.13612565445026,57.8717277486911,49.8586387434555,47.50785340314136,49.047120418848166,55.583769633507856,66.29319371727749,51.638743455497384,47.69895287958115,55.17801047120419,63.22774869109948,51.75916230366492,60.73298429319372,54.531413612565444,62.910994764397905,60.40052356020942,62.45026178010471,63.45026178010471,62.609947643979055,62.84293193717277,63.547120418848166,53.68324607329843,60.80890052356021,45.65706806282723,48.97120418848168,50.382198952879584,45.10732984293194,49.78534031413613,46.159685863874344,18.274869109947645,18.67539267015707,18.30628272251309,17.520942408376964,18.93717277486911
Ivory Coast,224917.9357798165,68.77981651376147,73.56880733944953,180.85321100917432,74.94495412844037,25.53211009174312,2.9174311926605503,2.5688073394495414,4387401.960784313,15469.607843137255,12.0,26.256880733944953,63.57798165137615,62.403669724770644,49.81651376146789,49.3394495412844,52.055045871559635,61.87155963302752,64.38532110091744,54.55045871559633,50.53211009174312,56.669724770642205,62.45871559633027,53.51376146788991,62.788990825688074,54.862385321100916,71.01834862385321,66.4954128440367,69.5045871559633,66.55045871559633,71.12844036697248,68.64220183486239,69.1559633027523,58.36697247706422,61.88990825688074,49.24770642201835,49.57798165137615,48.37614678899082,43.12844036697248,51.58715596330275,46.12844036697248,13.100917431192661,12.669724770642201,12.724770642201834,12.862385321100918,12.522935779816514
Jamaica,202457.42857142858,66.67857142857143,68.85714285714286,181.89285714285714,77.96428571428571,28.928571428571427,3.0714285714285716,2.5714285714285716,2363035.714285714,14125.0,,23.535714285714285,62.17857142857143,61.32142857142857,43.67857142857143,41.07142857142857,44.57142857142857,59.82142857142857,63.67857142857143,58.535714285714285,40.92857142857143,54.642857142857146,60.964285714285715,49.357142857142854,59.07142857142857,50.142857142857146,68.14285714285714,61.392857142857146,71.14285714285714,63.964285714285715,70.46428571428571,68.28571428571429,68.60714285714286,58.607142857142854,62.964285714285715,53.67857142857143,52.214285714285715,50.42857142857143,43.392857142857146,53.785714285714285,48.0,13.0,13.0,13.714285714285714,13.392857142857142,12.678571428571429
Japan,236686.83711340206,64.77938144329897,68.4639175257732,177.50309278350517,71.43505154639175,26.602061855670105,3.0082474226804123,2.2804123711340205,1093593.8144329898,3828.453608247423,,19.82680412371134,58.014432989690725,53.88041237113402,45.43092783505155,44.10927835051547,47.090721649484536,52.87422680412371,60.51752577319588,50.014432989690725,45.383505154639174,54.00206185567011,55.27010309278351,50.824742268041234,59.123711340206185,54.154639175257735,62.97938144329897,61.61443298969072,62.89072164948453,65.38144329896907,62.30927835051546,64.11752577319588,64.91134020618557,48.523711340206184,55.05154639175258,44.468041237113404,45.7979381443299,45.7340206185567,42.4,44.48041237113402,41.75257731958763,15.964948453608248,16.24123711340206,16.16701030927835,15.828865979381444,16.317525773195875
Jordan,246790.66666666666,64.33333333333333,67.0,176.0,72.0,26.0,3.6666666666666665,2.3333333333333335,1041666.6666666666,3433.3333333333335,,33.333333333333336,64.66666666666667,64.66666666666667,34.666666666666664,35.333333333333336,37.333333333333336,54.0,57.0,55.333333333333336,43.0,53.333333333333336,58.0,53.333333333333336,58.333333333333336,46.0,70.0,67.33333333333333,61.666666666666664,75.33333333333333,73.66666666666667,74.0,72.33333333333333,50.0,61.0,52.0,56.666666666666664,59.333333333333336,46.0,53.0,58.666666666666664,11.666666666666666,9.333333333333334,7.666666666666667,10.333333333333334,7.333333333333333
Kazakhstan,219715.5,68.5,71.0,178.5,73.5,26.5,3.0,2.5,1641666.6666666667,6233.333333333333,,19.666666666666668,67.16666666666667,65.66666666666667,56.5,58.166666666666664,57.166666666666664,59.666666666666664,66.33333333333333,59.333333333333336,56.833333333333336,62.5,62.0,67.16666666666667,68.66666666666667,65.0,72.33333333333333,71.33333333333333,61.666666666666664,73.33333333333333,69.5,72.5,68.66666666666667,57.666666666666664,65.16666666666667,50.5,59.833333333333336,58.833333333333336,57.833333333333336,51.333333333333336,51.0,9.833333333333334,9.666666666666666,11.0,10.833333333333334,12.0
Kenya,236406.27272727274,64.54545454545455,70.0,181.9090909090909,75.27272727272727,25.0,3.0,2.272727272727273,1784090.9090909092,3572.7272727272725,,12.454545454545455,61.63636363636363,56.72727272727273,53.81818181818182,51.72727272727273,55.09090909090909,61.72727272727273,60.63636363636363,50.72727272727273,50.81818181818182,50.09090909090909,56.36363636363637,47.18181818181818,60.45454545454545,53.63636363636363,68.27272727272727,64.0,68.0909090909091,61.90909090909091,69.18181818181819,60.27272727272727,65.0,58.09090909090909,58.0,45.36363636363637,46.36363636363637,42.18181818181818,39.63636363636363,48.63636363636363,44.63636363636363,11.454545454545455,9.363636363636363,10.909090909090908,10.272727272727273,10.363636363636363
Korea DPR,194248.0,64.0,64.0,173.0,72.0,38.0,3.0,3.0,180000.0,1500.0,,50.0,66.0,66.0,47.0,46.0,51.0,55.0,64.0,65.0,42.0,68.0,58.0,66.0,68.0,64.0,31.0,60.0,68.0,71.0,32.0,62.0,30.0,46.0,59.0,59.0,64.0,62.0,69.0,49.0,45.0,15.0,15.0,6.0,16.0,11.0
Korea Republic,224173.77485380118,62.85087719298246,66.85380116959064,181.21637426900585,74.04970760233918,26.707602339181285,3.1578947368421053,2.2280701754385963,1128567.2514619883,3559.3567251461986,,22.230994152046783,53.824561403508774,51.41520467836257,45.03508771929825,44.12280701754386,45.921052631578945,52.83918128654971,59.590643274853804,49.53216374269006,46.461988304093566,53.36257309941521,55.58187134502924,46.207602339181285,55.353801169590646,50.078947368421055,63.961988304093566,62.0233918128655,64.43567251461988,63.6578947368421,64.00292397660819,62.80409356725146,63.10233918128655,49.21345029239766,52.71052631578947,42.48830409356725,44.31578947368421,41.85087719298246,39.49122807017544,43.687134502923975,38.39181286549707,17.149122807017545,17.380116959064328,16.98830409356725,16.769005847953217,17.453216374269005
Kosovo,225916.72916666666,65.85416666666667,71.64583333333333,181.91666666666666,75.47916666666667,24.5625,3.125,2.6666666666666665,2327604.1666666665,8460.416666666666,,27.729166666666668,62.8125,60.395833333333336,45.5625,43.229166666666664,46.020833333333336,60.4375,60.979166666666664,53.104166666666664,44.979166666666664,56.4375,60.041666666666664,51.291666666666664,60.5,53.3125,67.1875,66.33333333333333,65.0625,67.6875,66.45833333333333,68.0625,66.33333333333333,52.791666666666664,61.104166666666664,50.75,52.541666666666664,52.395833333333336,46.0,50.354166666666664,47.979166666666664,12.208333333333334,13.375,13.354166666666666,13.395833333333334,12.375
Latvia,232392.66666666666,63.333333333333336,68.5,186.66666666666666,79.83333333333333,25.0,2.8333333333333335,1.8333333333333333,629166.6666666666,2883.3333333333335,,14.0,48.833333333333336,43.5,43.166666666666664,38.333333333333336,39.833333333333336,56.166666666666664,57.166666666666664,40.333333333333336,42.0,44.833333333333336,57.333333333333336,35.0,52.833333333333336,40.5,55.166666666666664,63.833333333333336,72.0,47.333333333333336,54.833333333333336,49.166666666666664,66.33333333333333,54.0,50.166666666666664,41.0,38.166666666666664,31.833333333333332,28.0,41.666666666666664,36.666666666666664,19.166666666666668,19.666666666666668,20.5,20.0,21.0
Lebanon,221430.0,63.666666666666664,66.33333333333333,187.66666666666666,81.0,28.0,3.3333333333333335,2.3333333333333335,583333.3333333334,2066.6666666666665,,24.333333333333332,62.0,58.0,54.333333333333336,51.0,52.666666666666664,56.333333333333336,57.0,48.0,49.333333333333336,49.333333333333336,57.333333333333336,45.0,61.666666666666664,55.0,63.0,65.66666666666667,76.0,52.666666666666664,65.0,62.333333333333336,61.333333333333336,58.666666666666664,58.0,49.666666666666664,50.666666666666664,50.0,38.666666666666664,42.333333333333336,44.0,11.666666666666666,10.0,11.333333333333334,10.666666666666666,9.666666666666666
Liberia,239685.0,64.33333333333333,75.33333333333333,180.66666666666666,73.66666666666667,21.666666666666668,3.3333333333333335,2.6666666666666665,2633333.3333333335,5366.666666666667,,33.333333333333336,63.333333333333336,66.0,54.333333333333336,55.666666666666664,54.666666666666664,67.33333333333333,63.666666666666664,62.666666666666664,54.333333333333336,59.333333333333336,61.666666666666664,52.333333333333336,67.33333333333333,63.0,75.0,63.0,59.666666666666664,66.66666666666667,77.33333333333333,69.0,69.66666666666667,55.0,62.333333333333336,59.0,56.0,50.333333333333336,49.0,51.333333333333336,50.0,11.333333333333334,11.0,11.333333333333334,10.666666666666666,8.333333333333334
Libya,221731.0,71.25,72.75,177.25,73.5,26.5,2.75,3.25,2850000.0,7300.0,,15.0,71.25,72.0,48.5,55.25,55.5,57.25,67.0,60.5,54.75,64.5,66.75,61.25,69.0,63.5,77.75,71.5,67.25,68.5,72.25,74.5,61.0,47.0,59.25,49.5,53.75,55.0,51.5,53.25,46.25,9.25,11.25,8.75,7.75,12.25
Liechtenstein,227840.4,59.2,65.8,184.0,78.4,24.2,2.8,1.8,376000.0,1620.0,,20.2,41.6,38.4,31.6,32.8,32.6,44.0,51.2,34.8,30.4,48.2,46.8,37.6,40.2,38.4,56.6,45.0,61.8,55.0,55.8,54.4,59.0,33.0,46.8,29.6,28.2,33.2,31.4,34.6,24.4,30.2,31.0,31.8,30.0,32.4
Lithuania,222576.4,62.6,66.1,188.5,81.0,26.2,3.1,2.1,743000.0,4520.0,,18.6,47.1,42.8,40.6,31.5,33.3,47.7,57.8,37.4,35.8,44.8,50.9,38.2,47.8,41.6,57.0,51.1,68.8,53.8,56.4,57.7,64.4,46.2,51.7,36.7,37.3,36.7,35.4,41.9,37.6,20.9,21.5,20.2,21.7,21.7
Luxembourg,230746.5,67.16666666666667,72.0,183.83333333333334,77.41666666666667,24.916666666666668,2.8333333333333335,2.6666666666666665,1577083.3333333333,4875.0,,22.25,63.0,60.833333333333336,55.333333333333336,53.666666666666664,57.916666666666664,66.08333333333333,62.583333333333336,51.916666666666664,53.0,54.583333333333336,60.5,56.166666666666664,65.83333333333333,60.5,63.416666666666664,69.75,67.91666666666667,63.0,65.25,63.333333333333336,60.25,58.0,60.916666666666664,45.083333333333336,48.666666666666664,50.333333333333336,47.75,48.416666666666664,44.916666666666664,11.083333333333334,11.166666666666666,9.416666666666666,9.166666666666666,10.916666666666666
Madagascar,195827.875,69.625,71.25,180.125,75.0,30.75,2.625,2.75,1821875.0,7275.0,,18.625,66.5,57.625,60.625,61.5,61.75,67.25,67.25,56.5,64.75,56.25,65.375,61.875,66.875,60.25,68.375,74.625,73.75,69.875,67.375,63.75,75.375,61.875,58.875,40.375,46.5,53.25,47.25,48.875,41.375,10.0,10.375,11.125,11.625,11.0
Malawi,218717.0,70.0,70.0,162.0,76.0,28.0,2.0,3.0,1700000.0,10500.0,,7.0,68.0,70.0,21.0,11.0,14.0,29.0,63.0,74.0,18.0,58.0,71.0,42.0,51.0,38.0,79.0,66.0,71.0,74.0,75.0,75.0,68.0,56.0,73.0,78.0,63.0,31.0,27.0,64.0,68.0,8.0,7.0,11.0,12.0,15.0
Malaysia,257888.0,56.0,74.0,170.0,65.0,18.0,3.0,3.0,375000.0,1500.0,,9.0,62.0,65.0,12.0,17.0,16.0,32.0,37.0,47.0,13.0,51.0,62.0,54.0,56.0,49.0,75.0,52.0,47.0,85.0,69.0,80.0,67.0,50.0,56.0,59.0,61.0,62.0,60.0,59.0,57.0,7.0,12.0,11.0,7.0,11.0
Mali,233291.0892857143,68.30357142857143,74.17857142857143,181.03571428571428,74.0,24.25,2.857142857142857,2.5714285714285716,3515178.5714285714,11537.5,,20.125,64.71428571428571,63.892857142857146,48.892857142857146,49.785714285714285,51.875,63.857142857142854,63.392857142857146,55.714285714285715,49.67857142857143,56.42857142857143,61.142857142857146,54.55357142857143,63.42857142857143,56.267857142857146,72.0,69.53571428571429,69.16071428571429,66.58928571428571,72.01785714285714,68.66071428571429,69.03571428571429,58.464285714285715,63.464285714285715,48.69642857142857,52.07142857142857,51.25,40.535714285714285,50.857142857142854,44.625,11.75,11.178571428571429,11.767857142857142,11.017857142857142,10.982142857142858
Malta,208797.0,62.0,63.0,168.0,70.0,27.0,3.0,3.0,450000.0,3100.0,,26.0,66.0,67.0,36.0,34.0,38.0,34.0,55.0,57.0,31.0,62.0,64.0,58.0,57.0,56.0,69.0,66.0,32.0,90.0,68.0,82.0,58.0,38.0,45.0,57.0,56.0,48.0,59.0,50.0,37.0,10.0,7.0,14.0,11.0,15.0
Mauritania,249601.7142857143,62.714285714285715,71.28571428571429,180.28571428571428,74.85714285714286,22.571428571428573,2.857142857142857,2.0,1205714.2857142857,3128.5714285714284,,22.714285714285715,60.285714285714285,58.285714285714285,52.142857142857146,54.142857142857146,60.42857142857143,55.857142857142854,58.42857142857143,51.285714285714285,56.0,48.142857142857146,51.142857142857146,45.57142857142857,60.285714285714285,51.57142857142857,64.85714285714286,64.0,70.85714285714286,63.285714285714285,64.85714285714286,61.714285714285715,70.14285714285714,55.42857142857143,51.857142857142854,41.0,44.714285714285715,38.0,34.0,44.857142857142854,32.714285714285715,10.285714285714286,10.0,11.0,9.714285714285714,9.857142857142858
Mexico,224350.93715846995,65.69125683060109,71.72404371584699,177.42349726775956,72.17486338797814,25.016393442622952,2.912568306010929,2.2650273224043715,2200657.5342465756,9456.986301369863,12.0,26.80327868852459,57.7103825136612,55.76229508196721,46.759562841530055,46.86065573770492,48.35792349726776,53.112021857923494,60.78142076502732,49.89890710382514,46.540983606557376,53.83879781420765,56.66120218579235,50.778688524590166,59.224043715846996,54.150273224043715,63.60655737704918,61.53005464480874,61.494535519125684,66.24863387978142,63.71311475409836,63.650273224043715,64.82786885245902,52.322404371584696,58.60382513661202,45.18852459016394,47.19672131147541,47.40163934426229,42.58196721311475,50.96174863387978,42.35792349726776,17.42896174863388,17.546448087431695,17.6775956284153,17.3551912568306,17.68032786885246
Moldova,228581.16666666666,64.91666666666667,68.91666666666667,185.58333333333334,77.16666666666667,27.333333333333332,2.9166666666666665,2.0833333333333335,1113750.0,6075.0,,33.75,53.166666666666664,49.0,45.666666666666664,45.666666666666664,48.083333333333336,56.666666666666664,61.833333333333336,46.666666666666664,45.166666666666664,52.083333333333336,58.666666666666664,44.833333333333336,55.5,50.083333333333336,56.5,59.333333333333336,70.16666666666667,55.333333333333336,56.583333333333336,54.75,56.916666666666664,54.083333333333336,54.916666666666664,43.0,42.916666666666664,44.916666666666664,43.5,44.583333333333336,41.083333333333336,17.416666666666668,19.5,18.833333333333332,19.0,19.75
Montenegro,224721.2068965517,67.62068965517241,70.65517241379311,183.79310344827587,77.82758620689656,26.689655172413794,3.1724137931034484,2.4827586206896552,3175000.0,10400.0,,27.20689655172414,62.96551724137931,59.51724137931034,46.06896551724138,44.10344827586207,45.89655172413793,58.62068965517241,64.0,55.89655172413793,46.206896551724135,57.89655172413793,63.0,52.62068965517241,61.89655172413793,54.51724137931034,63.758620689655174,62.55172413793103,69.17241379310344,61.06896551724138,63.41379310344828,61.758620689655174,66.96551724137932,57.724137931034484,61.06896551724138,51.96551724137931,52.6551724137931,51.96551724137931,46.758620689655174,52.0,48.62068965517241,14.586206896551724,13.655172413793103,14.724137931034482,14.241379310344827,15.03448275862069
Montserrat,207907.33333333334,66.0,68.0,184.33333333333334,80.66666666666667,27.333333333333332,2.6666666666666665,2.3333333333333335,1025000.0,12433.333333333334,,15.333333333333334,60.0,57.333333333333336,55.0,53.666666666666664,54.333333333333336,57.666666666666664,62.333333333333336,53.333333333333336,51.333333333333336,52.666666666666664,62.333333333333336,49.333333333333336,58.0,48.0,68.0,67.0,76.33333333333333,55.333333333333336,75.33333333333333,62.0,60.666666666666664,60.0,56.0,47.0,41.666666666666664,47.333333333333336,48.666666666666664,54.333333333333336,46.0,13.666666666666666,11.333333333333334,14.0,12.666666666666666,11.333333333333334
Morocco,223629.27710843374,70.40963855421687,74.24096385542168,181.289156626506,74.56626506024097,26.59036144578313,3.1325301204819276,2.9759036144578315,5237951.807228915,15798.795180722891,,21.46987951807229,68.72289156626506,67.63855421686748,47.096385542168676,47.45783132530121,49.89156626506024,59.397590361445786,66.90361445783132,59.855421686746986,48.31325301204819,61.69879518072289,65.6987951807229,58.144578313253014,67.07228915662651,60.9277108433735,69.18072289156626,67.42168674698796,64.92771084337349,66.3132530120482,68.42168674698796,69.50602409638554,61.80722891566265,55.795180722891565,65.66265060240964,55.08433734939759,57.024096385542165,60.08433734939759,53.144578313253014,55.397590361445786,53.04819277108434,12.879518072289157,12.53012048192771,13.409638554216867,12.132530120481928,12.349397590361447
Mozambique,212985.0,71.8,73.6,179.8,73.6,29.2,2.8,2.4,2660000.0,13060.0,,16.6,67.6,63.6,69.0,70.0,71.4,73.0,70.8,50.4,68.6,52.2,67.2,55.4,67.8,54.6,68.4,72.4,67.4,68.8,71.6,69.0,73.0,62.4,58.2,44.2,55.6,56.2,43.4,46.0,46.2,13.0,9.6,10.4,12.4,11.4
Namibia,219072.0,68.66666666666667,71.66666666666667,175.66666666666666,72.0,27.0,3.3333333333333335,3.0,2391666.6666666665,12000.0,,7.666666666666667,66.66666666666667,70.33333333333333,41.666666666666664,40.333333333333336,41.666666666666664,51.333333333333336,62.333333333333336,60.0,41.333333333333336,55.333333333333336,60.666666666666664,67.66666666666667,66.0,60.0,79.0,76.0,68.66666666666667,75.66666666666667,79.0,72.66666666666667,74.0,57.333333333333336,60.333333333333336,55.666666666666664,57.666666666666664,57.0,57.0,52.333333333333336,52.0,8.666666666666666,12.333333333333334,12.333333333333334,10.0,9.666666666666666
Netherlands,225548.7695652174,67.07391304347826,73.16521739130435,183.02608695652174,75.91739130434783,24.43695652173913,2.989130434782609,2.3978260869565218,4045945.652173913,10634.565217391304,12.0,19.23695652173913,59.904347826086955,56.48695652173913,47.4804347826087,46.78695652173913,48.60217391304348,56.77173913043478,63.32826086956522,49.35217391304348,47.22826086956522,55.256521739130434,60.0804347826087,50.245652173913044,60.06521739130435,55.36739130434783,62.95652173913044,61.65652173913043,66.73260869565217,61.86086956521739,63.334782608695654,61.40869565217391,64.34347826086956,52.93260869565217,61.57608695652174,45.719565217391306,47.72391304347826,48.78260869565217,43.678260869565214,48.63695652173913,43.96304347826087,17.7,18.095652173913045,17.68913043478261,17.702173913043477,18.145652173913042
New Caledonia,236512.0,71.0,71.0,182.0,87.0,33.0,3.0,2.0,1200000.0,8900.0,,24.0,63.0,45.0,68.0,70.0,71.0,74.0,72.0,39.0,75.0,50.0,52.0,54.0,69.0,69.0,45.0,69.0,84.0,52.0,41.0,62.0,80.0,65.0,61.0,29.0,39.0,38.0,33.0,49.0,16.0,10.0,12.0,14.0,6.0,7.0
New Zealand,228155.68181818182,62.43181818181818,68.25,183.52272727272728,77.1590909090909,24.386363636363637,2.772727272727273,2.2045454545454546,1304125.0,4577.5,12.0,23.84090909090909,54.88636363636363,53.38636363636363,44.56818181818182,43.79545454545455,45.63636363636363,55.81818181818182,59.20454545454545,49.97727272727273,46.43181818181818,53.36363636363637,56.59090909090909,46.09090909090909,55.0,50.93181818181818,64.68181818181819,62.77272727272727,66.18181818181819,61.13636363636363,64.36363636363636,60.95454545454545,62.72727272727273,49.77272727272727,52.36363636363637,45.56818181818182,43.45454545454545,45.56818181818182,41.75,46.0,39.61363636363637,16.022727272727273,16.863636363636363,16.25,15.590909090909092,16.272727272727273
Niger,251635.33333333334,56.666666666666664,64.0,179.33333333333334,76.0,23.333333333333332,2.6666666666666665,2.3333333333333335,440000.0,2300.0,,19.666666666666668,55.666666666666664,56.0,40.333333333333336,43.666666666666664,46.0,61.0,53.333333333333336,51.0,41.666666666666664,45.666666666666664,52.333333333333336,47.666666666666664,52.333333333333336,44.333333333333336,70.0,66.33333333333333,63.666666666666664,69.33333333333333,68.66666666666667,66.33333333333333,66.0,50.333333333333336,46.333333333333336,42.666666666666664,39.666666666666664,41.666666666666664,36.333333333333336,50.333333333333336,38.333333333333336,10.0,9.333333333333334,6.0,10.333333333333334,8.333333333333334
Nigeria,228931.19379844962,67.4108527131783,73.2015503875969,181.90697674418604,76.03100775193798,24.6046511627907,3.0387596899224807,2.705426356589147,3458062.015503876,10706.201550387597,,23.728682170542637,64.25581395348837,63.92248062015504,43.72868217054263,40.51162790697674,44.29457364341085,59.49612403100775,63.31782945736434,57.21705426356589,41.4031007751938,55.49612403100775,61.333333333333336,51.01550387596899,61.736434108527135,52.58914728682171,72.94573643410853,66.44186046511628,69.88372093023256,66.52713178294573,73.76744186046511,69.51937984496124,67.65116279069767,57.87596899224806,63.91472868217054,54.82945736434109,54.57364341085271,50.27131782945737,41.72093023255814,53.348837209302324,50.49612403100775,12.364341085271318,12.457364341085272,11.55813953488372,11.875968992248062,12.534883720930232
North Macedonia,220745.3076923077,67.61538461538461,71.88461538461539,182.73076923076923,75.0,26.384615384615383,3.230769230769231,2.4615384615384617,2586538.4615384615,9484.615384615385,,23.307692307692307,59.96153846153846,59.73076923076923,43.69230769230769,40.61538461538461,43.19230769230769,54.92307692307692,62.92307692307692,54.11538461538461,41.19230769230769,55.88461538461539,60.76923076923077,51.03846153846154,58.96153846153846,53.53846153846154,62.92307692307692,60.42307692307692,64.42307692307692,63.92307692307692,63.11538461538461,62.30769230769231,61.42307692307692,51.38461538461539,63.69230769230769,53.03846153846154,52.07692307692308,53.07692307692308,46.57692307692308,51.30769230769231,48.07692307692308,18.807692307692307,19.846153846153847,19.076923076923077,18.653846153846153,19.884615384615383
Northern Ireland,212660.32467532466,63.15584415584416,68.54545454545455,181.16883116883116,74.54545454545455,26.025974025974026,2.896103896103896,2.311688311688312,1174729.7297297297,7086.486486486487,12.0,21.2987012987013,57.15584415584416,54.27272727272727,48.27272727272727,47.44155844155844,49.48051948051948,55.55844155844156,59.714285714285715,49.246753246753244,47.42857142857143,54.324675324675326,57.506493506493506,49.83116883116883,56.675324675324674,52.701298701298704,63.753246753246756,64.35064935064935,63.16883116883117,64.50649350649351,63.61038961038961,63.8051948051948,65.16883116883118,51.51948051948052,56.42857142857143,46.81818181818182,47.20779220779221,47.45454545454545,43.76623376623377,48.01298701298701,42.02597402597402,15.35064935064935,15.116883116883116,14.948051948051948,14.285714285714286,15.272727272727273
Norway,222812.74931129476,63.37741046831956,70.03305785123968,182.8953168044077,75.84297520661157,24.63085399449036,2.837465564738292,2.3333333333333335,1698899.721448468,4223.676880222842,12.0,19.950413223140497,56.51239669421488,53.41873278236915,46.25068870523416,45.231404958677686,47.37741046831956,54.30027548209367,59.484848484848484,49.69421487603306,47.170798898071624,52.85674931129476,57.14876033057851,48.035812672176306,56.07713498622589,50.48209366391185,63.43801652892562,64.19834710743801,65.36914600550965,63.617079889807165,63.58953168044077,62.256198347107436,64.38567493112947,49.6198347107438,57.40495867768595,44.9366391184573,45.60606060606061,47.15977961432507,41.23691460055097,45.40771349862259,41.48209366391185,15.837465564738292,16.487603305785125,16.21212121212121,15.870523415977962,16.44077134986226
Palestine,205894.0,63.0,63.0,182.0,74.5,30.5,3.0,3.0,387500.0,1850.0,,9.5,67.5,64.0,36.0,27.5,30.5,48.0,59.0,64.5,34.5,62.5,62.0,57.0,62.0,55.0,68.0,58.0,63.5,73.0,68.0,69.5,71.5,57.5,63.5,62.5,61.5,60.5,55.5,56.0,59.5,10.5,10.0,13.0,8.5,12.5
Panama,224017.23076923078,66.46153846153847,71.3076923076923,181.07692307692307,77.23076923076923,26.615384615384617,3.0,2.4615384615384617,1830769.2307692308,6184.615384615385,,21.23076923076923,58.61538461538461,56.23076923076923,45.38461538461539,46.38461538461539,46.61538461538461,60.69230769230769,62.30769230769231,54.07692307692308,49.38461538461539,53.30769230769231,56.76923076923077,49.23076923076923,58.84615384615385,58.07692307692308,65.46153846153847,63.76923076923077,71.0,62.84615384615385,66.92307692307692,64.6923076923077,67.92307692307692,53.46153846153846,62.30769230769231,49.30769230769231,54.61538461538461,48.15384615384615,44.46153846153846,48.46153846153846,43.07692307692308,14.384615384615385,15.23076923076923,14.846153846153847,14.461538461538462,14.923076923076923
Papua New Guinea,233227.0,64.0,70.0,175.0,67.0,24.0,2.0,3.0,925000.0,3800.0,,24.0,66.0,74.0,37.0,14.0,17.0,40.0,58.0,56.0,15.0,57.0,60.0,56.0,55.0,50.0,85.0,63.0,48.0,71.0,82.0,75.0,55.0,45.0,58.0,55.0,55.0,55.0,53.0,63.0,40.0,8.0,12.0,9.0,12.0,14.0
Paraguay,237704.81092436975,64.76890756302521,69.00420168067227,178.71848739495798,75.71008403361344,26.60924369747899,2.7815126050420167,2.2941176470588234,1530000.0,6471.120689655172,12.0,20.428571428571427,59.11764705882353,54.285714285714285,44.71008403361345,43.61344537815126,46.285714285714285,52.95378151260504,60.8109243697479,50.7436974789916,44.73529411764706,51.63025210084034,54.39495798319328,47.63865546218487,58.6890756302521,50.46638655462185,62.69747899159664,61.67226890756302,64.26470588235294,63.205882352941174,63.65126050420168,61.27731092436975,65.5546218487395,53.121848739495796,54.714285714285715,47.878151260504204,46.121848739495796,44.34873949579832,40.16386554621849,49.28991596638655,41.27731092436975,14.470588235294118,14.466386554621849,14.361344537815127,14.365546218487395,14.605042016806722
Peru,242195.31097560975,63.426829268292686,67.82317073170732,176.859756097561,72.33536585365853,26.103658536585368,2.768292682926829,2.201219512195122,1072289.3081761007,4644.654088050314,12.0,18.195121951219512,56.926829268292686,51.9390243902439,44.896341463414636,43.30487804878049,46.109756097560975,51.69512195121951,59.75609756097561,48.01829268292683,45.56707317073171,50.55487804878049,53.49390243902439,48.71951219512195,57.66463414634146,50.09146341463415,63.792682926829265,61.951219512195124,61.27439024390244,64.6890243902439,63.542682926829265,62.52439024390244,61.890243902439025,48.78658536585366,52.359756097560975,43.859756097560975,43.957317073170735,43.798780487804876,40.50609756097561,45.52439024390244,39.65853658536585,15.823170731707316,16.20731707317073,15.75,15.50609756097561,16.0
Philippines,223200.75,65.75,70.0,183.0,76.5,25.0,3.25,2.0,1256250.0,4400.0,,27.5,54.25,51.5,42.75,45.25,45.75,48.25,61.0,47.5,47.0,54.5,54.25,48.5,50.75,46.0,70.5,57.75,67.25,66.25,68.25,67.0,59.0,40.5,58.25,37.5,38.75,38.25,31.5,46.25,34.5,25.0,27.75,24.75,22.75,27.25
Poland,227068.61797752808,63.34550561797753,69.92415730337079,182.67134831460675,75.27808988764045,24.620786516853933,2.758426966292135,2.1853932584269664,1739307.9096045198,5638.135593220339,12.0,25.01685393258427,54.20505617977528,51.49438202247191,43.52808988764045,43.21348314606742,44.42134831460674,52.51685393258427,58.89887640449438,47.508426966292134,43.91011235955056,52.06741573033708,54.651685393258425,46.491573033707866,55.37921348314607,49.20786516853933,64.0252808988764,61.22752808988764,63.73314606741573,62.831460674157306,63.80337078651685,62.36797752808989,63.938202247191015,48.837078651685395,54.32303370786517,43.646067415730336,43.02247191011236,44.081460674157306,38.32022471910113,45.32865168539326,39.42977528089887,17.23314606741573,17.786516853932586,17.40449438202247,16.797752808988765,17.75561797752809
Portugal,224164.82548476453,69.78393351800554,74.93905817174515,180.77839335180056,73.797783933518,25.581717451523545,3.0526315789473686,2.709141274238227,6062229.916897507,13892.243767313019,12.0,26.695290858725762,64.13850415512465,62.07479224376731,49.800554016620495,48.48753462603878,51.26315789473684,60.45706371191136,67.14958448753463,54.878116343490305,50.05263157894737,58.50692520775623,64.46814404432133,55.066481994459835,63.03601108033241,56.89750692520776,66.68975069252078,63.97229916897507,64.5235457063712,66.09695290858726,66.11357340720221,67.01939058171745,64.2409972299169,53.67036011080332,64.20775623268698,48.54570637119114,51.096952908587255,55.14127423822715,47.119113573407205,52.65096952908587,48.00554016620499,15.806094182825484,15.889196675900276,16.005540166204987,15.387811634349031,16.229916897506925
Puerto Rico,202076.0,71.0,71.0,183.0,77.0,29.0,4.0,3.0,1700000.0,5500.0,,4.0,68.0,67.0,72.0,70.0,71.0,70.0,62.0,55.0,67.0,61.0,68.0,65.0,68.0,70.0,70.0,76.0,74.0,66.0,71.0,63.0,72.0,61.0,57.0,40.0,47.0,55.0,30.0,38.0,44.0,10.0,10.0,14.0,14.0,9.0
Republic of Ireland,217387.61781609195,60.85632183908046,66.38218390804597,180.8735632183908,73.98563218390805,25.42816091954023,2.8735632183908044,2.2126436781609193,883965.5172413794,5099.712643678161,12.0,16.2183908045977,54.189655172413794,51.86206896551724,44.83620689655172,44.37931034482759,46.293103448275865,54.701149425287355,56.8419540229885,47.62356321839081,44.672413793103445,51.827586206896555,55.47126436781609,47.68103448275862,54.62356321839081,50.23850574712644,61.2816091954023,61.26724137931034,61.456896551724135,62.92816091954023,60.63505747126437,61.71551724137931,63.64942528735632,49.333333333333336,53.333333333333336,43.57471264367816,43.485632183908045,45.88793103448276,41.9051724137931,47.08620689655172,40.758620689655174,15.597701149425287,15.508620689655173,15.439655172413794,15.422413793103448,15.620689655172415
Romania,240040.71656050955,63.57006369426752,69.81528662420382,180.86942675159236,74.69745222929936,25.159235668789808,2.6878980891719744,2.2579617834394905,1152765.2733118972,3554.340836012862,12.0,28.729299363057326,54.3343949044586,50.968152866242036,43.111464968152866,44.26433121019108,45.72611464968153,52.33757961783439,60.0,48.31528662420382,44.31210191082803,52.910828025477706,55.29936305732484,47.961783439490446,56.51592356687898,50.21974522292994,64.31210191082802,62.43312101910828,62.894904458598724,63.80891719745223,63.94267515923567,64.10191082802548,62.117834394904456,48.01910828025478,56.468152866242036,44.67197452229299,45.646496815286625,44.710191082802545,42.617834394904456,46.47452229299363,41.12420382165605,16.394904458598727,16.187898089171973,16.5828025477707,16.522292993630572,16.73248407643312
Russia,219936.45454545456,69.88311688311688,75.81818181818181,183.80519480519482,76.8961038961039,25.74025974025974,3.0,2.311688311688312,4412846.153846154,9950.76923076923,12.0,43.94805194805195,58.532467532467535,56.22077922077922,49.4025974025974,50.8051948051948,51.77922077922078,55.25974025974026,65.97402597402598,49.61038961038961,50.44155844155844,56.51948051948052,60.41558441558441,51.493506493506494,61.48051948051948,56.96103896103896,64.8051948051948,62.55844155844156,64.46753246753246,61.97402597402598,65.14285714285714,60.142857142857146,62.714285714285715,51.55844155844156,60.72727272727273,45.66233766233766,47.44155844155844,47.77922077922078,44.896103896103895,47.55844155844156,43.57142857142857,20.285714285714285,20.51948051948052,19.83116883116883,20.22077922077922,20.766233766233768
Rwanda,243339.0,65.0,70.0,180.0,77.0,23.0,3.0,3.0,1000000.0,2400.0,,8.0,63.0,61.0,64.0,62.0,63.0,74.0,60.0,59.0,64.0,62.0,65.0,63.0,66.0,68.0,64.0,63.0,64.0,68.0,56.0,69.0,72.0,61.0,74.0,58.0,66.0,60.0,64.0,58.0,68.0,7.0,6.0,12.0,8.0,8.0
Saudi Arabia,231470.21835443037,60.129746835443036,64.99050632911393,176.8987341772152,70.44620253164557,25.984177215189874,2.9462025316455698,2.117088607594937,504920.88607594935,5089.556962025316,,25.560126582278482,51.77215189873418,49.75316455696203,43.515822784810126,43.11708860759494,44.58860759493671,51.89556962025316,54.80379746835443,44.81645569620253,44.01898734177215,48.84493670886076,50.56012658227848,45.37658227848101,52.015822784810126,47.110759493670884,63.56962025316456,59.63607594936709,61.936708860759495,65.87658227848101,63.16772151898734,62.50632911392405,64.39873417721519,46.59177215189873,49.639240506329116,38.34177215189873,39.778481012658226,41.00632911392405,37.313291139240505,41.585443037974684,36.41139240506329,16.300632911392405,16.354430379746834,16.123417721518987,15.955696202531646,16.550632911392405
Scotland,217918.61672473868,64.02787456445994,70.09756097560975,181.09756097560975,73.79094076655052,25.418118466898953,2.965156794425087,2.3066202090592336,1839278.7456445992,8124.390243902439,12.0,16.78397212543554,58.21951219512195,56.05226480836237,47.89895470383275,47.278745644599304,49.67595818815331,57.44250871080139,59.23344947735192,50.53658536585366,47.20209059233449,53.58885017421603,58.24738675958188,50.31707317073171,57.5191637630662,52.728222996515676,64.59233449477352,64.69337979094077,64.26829268292683,65.47038327526133,64.98257839721255,64.73519163763066,64.68641114982579,51.58885017421603,56.21951219512195,45.69686411149826,46.42160278745644,48.250871080139376,42.98606271777003,48.36933797909408,41.20557491289198,14.752613240418118,14.519163763066203,14.564459930313589,14.428571428571429,14.804878048780488
Senegal,228973.68148148147,67.71111111111111,72.32592592592593,184.76296296296297,76.64444444444445,25.651851851851852,2.962962962962963,2.488888888888889,4372925.925925926,13234.814814814816,,23.57777777777778,61.13333333333333,58.94814814814815,43.93333333333333,42.63703703703704,45.266666666666666,57.60740740740741,62.762962962962966,54.37777777777778,44.05925925925926,53.903703703703705,60.25185185185185,48.36296296296296,59.56296296296296,50.88148148148148,67.08148148148148,65.2,71.54074074074074,59.925925925925924,68.58518518518518,63.79259259259259,68.83703703703704,60.01481481481481,62.72592592592593,50.903703703703705,49.82222222222222,46.696296296296296,41.696296296296296,51.925925925925924,45.28148148148148,14.237037037037037,14.688888888888888,14.088888888888889,14.362962962962962,14.992592592592592
Serbia,228642.15037593985,68.61654135338345,72.72932330827068,185.51127819548873,78.32330827067669,26.30075187969925,2.9849624060150375,2.3909774436090228,4307518.796992481,15011.278195488721,,19.646616541353385,61.31578947368421,56.78947368421053,48.78947368421053,47.65413533834587,50.00751879699248,61.6015037593985,64.06015037593986,51.54135338345865,48.81954887218045,55.49624060150376,62.2406015037594,51.03007518796993,61.51127819548872,55.46616541353384,60.73684210526316,63.02255639097744,69.73684210526316,58.24812030075188,61.72932330827068,59.57142857142857,64.54135338345864,56.285714285714285,62.34586466165413,47.81203007518797,50.94736842105263,49.81203007518797,44.93984962406015,50.8421052631579,45.80451127819549,16.045112781954888,15.518796992481203,15.360902255639099,15.25563909774436,16.015037593984964
Sierra Leone,215725.22222222222,66.66666666666667,70.55555555555556,180.88888888888889,74.44444444444444,26.444444444444443,3.0,2.5555555555555554,1377777.7777777778,5677.777777777777,,24.444444444444443,64.0,65.11111111111111,48.666666666666664,42.888888888888886,41.888888888888886,67.0,62.44444444444444,60.55555555555556,41.44444444444444,54.44444444444444,59.55555555555556,53.77777777777778,58.888888888888886,47.666666666666664,79.77777777777777,72.22222222222223,68.77777777777777,70.77777777777777,79.11111111111111,74.55555555555556,76.66666666666667,60.0,57.77777777777778,54.0,51.0,50.22222222222222,40.77777777777778,52.666666666666664,49.666666666666664,8.88888888888889,9.88888888888889,8.777777777777779,10.555555555555555,10.11111111111111
Singapore,259146.0,59.0,71.0,188.0,81.0,17.0,3.0,1.0,450000.0,1500.0,,40.0,12.0,11.0,9.0,12.0,12.0,31.0,45.0,8.0,15.0,44.0,41.0,10.0,24.0,24.0,26.0,17.0,58.0,36.0,31.0,22.0,55.0,15.0,45.0,9.0,6.0,14.0,10.0,15.0,8.0,57.0,57.0,61.0,60.0,61.0
Slovakia,229930.921875,68.015625,71.9375,184.734375,78.765625,26.78125,3.015625,2.15625,3661406.25,10957.8125,,23.96875,54.96875,50.6875,45.6875,44.65625,46.75,53.390625,63.28125,44.3125,45.234375,54.21875,59.484375,45.046875,57.015625,52.90625,57.8125,60.53125,67.875,60.125,57.609375,58.21875,63.5,48.59375,57.859375,40.390625,42.21875,43.03125,38.9375,43.796875,39.4375,24.03125,24.9375,23.75,23.6875,24.4375
Slovenia,228503.17647058822,68.70588235294117,71.33333333333333,183.05882352941177,77.29411764705883,27.372549019607842,3.0,2.4313725490196076,6141022.7272727275,14720.454545454546,12.0,36.07843137254902,60.294117647058826,57.6078431372549,47.8235294117647,45.76470588235294,47.27450980392157,57.07843137254902,64.2156862745098,53.509803921568626,47.94117647058823,58.05882352941177,61.549019607843135,51.72549019607843,60.705882352941174,57.0,65.05882352941177,65.37254901960785,67.76470588235294,61.372549019607845,64.01960784313725,63.84313725490196,64.01960784313725,51.92156862745098,62.549019607843135,48.05882352941177,50.8235294117647,51.705882352941174,47.15686274509804,50.333333333333336,45.90196078431372,17.50980392156863,18.215686274509803,17.07843137254902,16.745098039215687,17.647058823529413
South Africa,232985.35135135136,66.10810810810811,69.66216216216216,177.35135135135135,71.70270270270271,26.62162162162162,3.175675675675676,2.4594594594594597,1244687.5,5745.3125,12.0,31.527027027027028,60.986486486486484,59.37837837837838,49.986486486486484,47.9054054054054,50.04054054054054,50.7027027027027,59.2972972972973,51.270270270270274,45.945945945945944,54.67567567567568,59.7027027027027,52.33783783783784,59.432432432432435,55.932432432432435,68.9054054054054,62.567567567567565,59.0945945945946,68.22972972972973,67.83783783783784,61.851351351351354,63.24324324324324,50.21621621621622,55.74324324324324,46.148648648648646,43.82432432432432,45.7027027027027,43.32432432432432,49.17567567567568,43.71621621621622,15.932432432432432,16.324324324324323,16.675675675675677,16.83783783783784,16.64864864864865
South Sudan,244035.0,54.5,64.5,181.0,76.0,21.0,2.5,2.0,222500.0,1500.0,,32.5,47.5,48.0,34.0,33.0,37.0,33.5,54.5,39.5,36.5,31.0,51.0,26.0,47.0,33.5,66.5,59.5,69.5,61.5,62.0,48.0,73.0,53.5,42.0,38.0,32.5,31.5,27.0,33.5,25.0,12.5,10.0,14.0,9.5,13.5
Spain,224087.38546458143,69.28518859245631,74.6752529898804,180.23183072677094,73.69273229070838,25.685372585096594,3.0551977920883164,2.5731370745170192,5212189.512419503,14916.743330266789,12.0,17.74885004599816,62.51057957681693,58.66145354185833,49.38822447102116,47.719411223551056,49.74333026678933,55.850965961361545,65.59429622815087,53.728610855565776,49.026678932842685,57.66329346826127,61.25298988040478,54.15455381784729,63.37442502299908,57.04139834406624,64.23735050597976,62.78196872125115,63.20883164673413,65.41674333026678,64.14351425942962,64.20607175712972,64.0229990800368,53.447102115915364,61.34498620055198,49.77644894204232,50.75160993560257,52.47838086476541,46.36706531738731,50.92272309107636,44.75252989880405,16.856485740570378,17.18859245630175,16.993560257589696,16.81140754369825,17.266789328426864
St Kitts Nevis,218058.5,67.5,67.5,189.0,77.5,30.0,2.5,2.5,1637500.0,30750.0,,10.5,66.0,62.0,64.5,57.0,63.0,63.5,63.5,49.5,59.5,52.5,65.0,54.5,66.5,62.5,60.0,70.5,71.5,66.0,62.0,61.5,52.5,58.5,46.0,39.0,43.0,46.0,37.0,44.5,42.5,13.5,11.0,9.0,8.5,9.0
St Lucia,209675.0,64.0,65.0,183.0,75.0,27.0,3.0,2.0,625000.0,3000.0,,12.0,55.0,52.0,61.0,62.0,63.0,70.0,60.0,45.0,61.0,45.0,59.0,55.0,56.0,44.0,77.0,67.0,75.0,61.0,78.0,62.0,73.0,62.0,50.0,24.0,35.0,24.0,24.0,46.0,36.0,16.0,13.0,12.0,6.0,14.0
Sudan,243583.0,60.75,65.75,177.5,71.0,24.25,3.0,2.75,588750.0,3475.0,,16.5,59.25,60.25,30.25,25.25,23.5,36.0,54.0,60.0,22.0,50.75,57.5,49.0,53.5,40.25,80.0,63.25,61.75,71.75,79.75,78.75,65.25,47.75,60.0,59.25,56.25,50.5,45.25,51.5,51.0,10.25,8.5,9.5,8.75,9.0
Suriname,234198.0,68.0,74.0,172.0,64.0,24.0,4.0,3.0,1800000.0,3600.0,,2.0,64.0,69.0,55.0,63.0,64.0,65.0,64.0,63.0,65.0,58.0,64.0,68.0,65.0,53.0,86.0,74.0,66.0,79.0,88.0,76.0,74.0,44.0,63.0,57.0,45.0,66.0,56.0,49.0,35.0,9.0,13.0,6.0,9.0,13.0
Sweden,224043.55324675326,63.67792207792208,69.14545454545454,183.11688311688312,76.61298701298702,25.23896103896104,2.838961038961039,2.327272727272727,1405759.162303665,4589.005235602094,12.0,18.046753246753248,56.61298701298701,53.493506493506494,46.13506493506493,43.21818181818182,45.84155844155844,55.444155844155844,59.44935064935065,48.675324675324674,45.05974025974026,53.262337662337664,57.324675324675326,47.4025974025974,57.23376623376623,51.812987012987016,62.628571428571426,62.96103896103896,65.3896103896104,62.20779220779221,63.249350649350646,62.12467532467532,62.784415584415584,47.99220779220779,55.84415584415584,43.68571428571428,45.66233766233766,46.91688311688312,40.63116883116883,44.56363636363636,41.872727272727275,16.197402597402597,16.246753246753247,15.927272727272728,16.38961038961039,16.2025974025974
Switzerland,222887.57416267943,65.01913875598086,72.19138755980862,182.58851674641147,77.08612440191388,24.650717703349283,3.0813397129186604,2.2583732057416266,2903028.7081339713,9511.961722488039,12.0,23.971291866028707,57.09569377990431,53.82775119617225,46.95693779904306,46.421052631578945,47.86124401913876,54.42583732057416,60.2200956937799,50.00956937799043,46.30622009569378,53.49282296650718,57.69377990430622,49.33014354066986,57.25358851674641,52.0622009569378,63.97607655502392,63.01913875598086,66.22009569377991,63.54066985645933,64.28708133971291,62.717703349282296,65.0909090909091,51.655502392344495,57.516746411483254,45.09090909090909,45.38755980861244,46.33971291866029,41.464114832535884,46.35885167464115,41.8421052631579,17.258373205741627,17.354066985645932,17.13397129186603,16.626794258373206,17.354066985645932
Syria,234295.0,69.66666666666667,72.66666666666667,185.66666666666666,79.0,26.666666666666668,3.3333333333333335,2.6666666666666665,4008333.3333333335,22833.333333333332,,35.666666666666664,69.0,67.33333333333333,46.666666666666664,34.333333333333336,36.0,62.333333333333336,65.33333333333333,68.0,40.0,65.0,65.33333333333333,58.333333333333336,66.33333333333333,57.333333333333336,71.0,69.66666666666667,72.33333333333333,66.0,70.0,72.33333333333333,65.33333333333333,61.666666666666664,69.33333333333333,62.333333333333336,64.0,63.0,61.0,59.666666666666664,63.666666666666664,10.333333333333334,8.666666666666666,9.0,10.666666666666666,11.333333333333334
So Tom & Prncipe,205425.0,70.0,70.0,176.0,70.0,33.0,3.0,3.0,1000000.0,13000.0,,33.0,65.0,65.0,30.0,27.0,30.0,72.0,72.0,69.0,34.0,61.0,66.0,64.0,62.0,57.0,69.0,68.0,74.0,74.0,69.0,69.0,62.0,67.0,81.0,68.0,79.0,62.0,81.0,66.0,69.0,13.0,8.0,9.0,12.0,11.0
Tanzania,218066.0,76.0,77.0,183.0,80.0,27.0,4.0,3.0,9000000.0,55000.0,,10.0,72.0,71.0,32.0,23.0,28.0,66.0,73.0,79.0,18.0,63.0,78.0,69.0,75.0,45.0,78.0,77.0,72.0,69.0,79.0,75.0,88.0,79.0,78.0,79.0,67.0,65.0,57.0,70.0,76.0,7.0,12.0,14.0,9.0,9.0
Thailand,223660.2,65.8,68.0,173.6,66.2,27.8,3.2,2.8,1095000.0,3700.0,,21.6,61.2,57.8,35.4,25.8,26.6,40.2,59.2,54.8,30.6,53.4,50.0,47.4,52.6,47.8,68.0,61.2,40.4,70.6,63.4,70.4,50.8,38.6,57.6,51.4,52.8,54.0,48.8,53.0,48.2,22.6,21.6,23.6,21.0,20.0
Togo,216334.4,69.2,73.2,181.93333333333334,76.8,26.6,3.1333333333333333,2.533333333333333,3940000.0,10973.333333333334,,21.133333333333333,64.13333333333334,62.0,41.8,38.46666666666667,40.333333333333336,55.53333333333333,65.46666666666667,56.13333333333333,40.266666666666666,55.266666666666666,59.53333333333333,54.666666666666664,62.86666666666667,54.4,68.46666666666667,62.93333333333333,71.2,64.93333333333334,70.46666666666667,67.26666666666667,69.66666666666667,59.733333333333334,65.46666666666667,52.46666666666667,52.4,52.13333333333333,47.46666666666667,55.2,50.13333333333333,14.066666666666666,13.866666666666667,13.866666666666667,13.266666666666667,13.8
Trinidad & Tobago,231142.66666666666,64.83333333333333,66.83333333333333,182.5,77.0,27.333333333333332,2.5,2.3333333333333335,1263333.3333333333,4566.666666666667,,12.166666666666666,55.833333333333336,56.333333333333336,46.0,45.333333333333336,47.5,54.0,59.333333333333336,47.5,42.333333333333336,52.5,57.333333333333336,52.5,54.0,49.666666666666664,65.0,58.666666666666664,64.33333333333333,62.0,61.5,64.16666666666667,63.5,43.5,58.5,42.833333333333336,45.0,46.333333333333336,39.833333333333336,38.833333333333336,35.833333333333336,16.5,15.666666666666666,17.0,18.333333333333332,16.0
Tunisia,230014.9655172414,67.3103448275862,71.55172413793103,182.6551724137931,75.13793103448276,25.448275862068964,3.0344827586206895,2.7241379310344827,1936206.896551724,8293.103448275862,,20.517241379310345,64.44827586206897,62.13793103448276,49.06896551724138,49.3448275862069,52.13793103448276,58.13793103448276,62.41379310344828,54.10344827586207,49.89655172413793,58.206896551724135,60.06896551724138,54.62068965517241,63.93103448275862,58.13793103448276,68.03448275862068,67.17241379310344,66.41379310344827,64.10344827586206,67.79310344827586,67.82758620689656,62.89655172413793,54.206896551724135,61.55172413793103,50.172413793103445,53.58620689655172,52.58620689655172,48.62068965517241,52.62068965517241,47.310344827586206,11.241379310344827,12.379310344827585,11.10344827586207,12.206896551724139,13.241379310344827
Turkey,225476.34185303515,65.40255591054313,70.77955271565496,181.5143769968051,75.35463258785943,25.380191693290733,2.808306709265176,2.2747603833865813,1970495.2076677317,10021.725239616613,12.0,29.28115015974441,55.843450479233226,54.7444089456869,44.91054313099041,46.00319488817891,47.926517571884986,53.587859424920126,61.04153354632588,47.87539936102237,44.82428115015974,51.60063897763578,55.96166134185304,48.753993610223645,56.92012779552716,51.68690095846645,61.801916932907346,57.159744408945684,62.00638977635783,62.74121405750799,61.70926517571885,60.05111821086262,62.04792332268371,50.25239616613418,58.65495207667732,42.69329073482428,45.146964856230035,47.246006389776355,42.37699680511182,47.87859424920128,42.108626198083066,18.690095846645367,18.619808306709267,18.817891373801917,18.17252396166134,19.115015974440894
Uganda,230569.8,62.7,67.8,181.2,74.2,24.9,3.1,2.6,807500.0,2870.0,,19.3,61.6,60.1,50.1,47.2,51.2,58.4,59.1,53.2,50.6,55.1,57.0,53.5,59.8,55.0,67.1,68.1,70.6,67.4,67.4,65.3,66.8,51.8,60.4,44.6,47.8,48.0,39.5,48.7,43.5,11.8,10.8,10.6,9.6,8.5
Ukraine,232212.72307692308,71.12307692307692,75.6923076923077,182.87692307692308,76.6,25.984615384615385,2.953846153846154,2.476923076923077,5006692.307692308,13146.153846153846,,25.692307692307693,59.723076923076924,54.753846153846155,49.66153846153846,49.292307692307695,51.61538461538461,55.46153846153846,68.87692307692308,51.04615384615385,51.04615384615385,56.41538461538462,63.04615384615385,50.815384615384616,63.23076923076923,55.55384615384615,64.12307692307692,63.36923076923077,65.66153846153846,61.69230769230769,64.36923076923077,62.58461538461538,62.03076923076923,52.46153846153846,61.69230769230769,47.6,51.07692307692308,46.276923076923076,45.10769230769231,45.96923076923077,41.723076923076924,19.923076923076923,18.815384615384616,19.123076923076923,19.107692307692307,20.215384615384615
United Arab Emirates,243231.4,63.56,67.4,176.4,69.44,26.8,3.04,2.2,920476.1904761905,4604.761904761905,,37.36,53.68,51.16,43.2,43.88,45.64,54.08,59.72,44.84,43.4,52.16,55.24,46.24,53.48,48.52,64.04,59.24,57.6,68.0,64.88,61.56,63.12,48.32,51.24,38.28,38.0,45.4,36.6,38.4,38.76,18.56,18.44,19.12,17.44,19.28
United States,230132.9820971867,63.570332480818415,70.25831202046035,181.8542199488491,76.85166240409207,24.833759590792837,2.8925831202046037,2.1406649616368285,1314358.9743589743,4181.025641025641,12.0,23.460358056265985,53.529411764705884,51.1764705882353,43.36572890025575,42.012787723785166,44.030690537084396,53.75959079283887,59.186700767263424,46.30434782608695,42.54219948849105,50.76214833759591,55.092071611253196,43.547314578005114,55.8235294117647,49.86445012787724,62.34782608695652,59.1150895140665,63.329923273657286,61.61636828644501,62.47570332480819,60.9923273657289,64.36828644501279,47.41943734015345,55.411764705882355,41.892583120204606,41.17902813299233,43.41943734015345,36.72378516624041,44.186700767263424,38.83375959079284,19.56010230179028,20.120204603580564,19.44757033248082,20.053708439897697,20.335038363171357
Uruguay,238065.34682080924,67.38439306358381,71.97687861271676,179.41618497109826,74.83236994219654,26.291907514450866,2.884393063583815,2.4190751445086707,3172743.0340557275,9535.29411764706,12.0,22.294797687861273,61.31791907514451,56.51445086705202,47.86705202312139,46.028901734104046,48.179190751445084,57.36705202312139,64.07514450867052,52.664739884393065,47.971098265895954,54.84104046242775,58.39017341040462,49.7485549132948,60.869942196531795,54.19653179190752,64.67052023121387,63.92485549132948,65.90462427745665,63.69942196531792,64.14739884393063,63.2514450867052,65.378612716763,54.89017341040462,57.88728323699422,48.51156069364162,49.10693641618497,47.48843930635838,44.528901734104046,50.49132947976879,44.104046242774565,15.26878612716763,14.913294797687861,14.95086705202312,15.095375722543352,15.170520231213873
Uzbekistan,238488.875,64.625,70.75,179.625,72.125,24.625,3.375,2.375,1153125.0,3550.0,,20.125,60.625,59.0,50.125,50.0,50.75,56.25,56.125,56.0,49.875,58.0,59.875,50.75,66.0,60.375,67.25,67.125,66.0,70.75,68.375,59.375,61.625,58.125,62.375,51.75,55.75,54.125,50.5,51.125,46.375,10.625,10.375,10.125,10.125,9.875
Venezuela,245676.27860696518,61.72139303482587,67.09950248756219,177.7462686567164,72.7412935323383,25.18905472636816,2.7512437810945274,2.2686567164179103,1131020.4081632653,3946.938775510204,12.0,19.044776119402986,54.9452736318408,49.01990049751244,41.55721393034826,40.756218905472636,43.37810945273632,47.85572139303483,57.2636815920398,46.43283582089552,41.44278606965174,47.960199004975124,49.89054726368159,44.223880597014926,54.6865671641791,45.288557213930346,61.08457711442786,59.03482587064676,60.19900497512438,62.9452736318408,61.21393034825871,59.19402985074627,62.29353233830846,47.9452736318408,49.14427860696517,42.50248756218905,40.19402985074627,40.49751243781095,36.17910447761194,44.233830845771145,36.77114427860697,15.860696517412935,16.024875621890548,15.885572139303482,15.572139303482587,15.870646766169154
Wales,219077.88617886178,63.99186991869919,70.53658536585365,181.2357723577236,73.97560975609755,24.650406504065042,2.951219512195122,2.2764227642276422,2121178.861788618,10713.821138211382,12.0,19.276422764227643,56.886178861788615,54.19512195121951,46.84552845528455,46.77235772357724,49.048780487804876,54.54471544715447,59.520325203252035,47.983739837398375,46.49593495934959,52.10569105691057,57.13821138211382,49.86178861788618,56.853658536585364,52.36585365853659,65.99186991869918,63.45528455284553,63.09756097560975,67.28455284552845,65.46341463414635,64.4959349593496,65.3170731707317,50.390243902439025,53.666666666666664,44.39837398373984,43.89430894308943,46.796747967479675,40.82113821138211,47.40650406504065,40.609756097560975,15.926829268292684,16.065040650406505,15.788617886178862,15.853658536585366,15.739837398373984
Zambia,239759.66666666666,67.66666666666667,74.0,179.88888888888889,75.11111111111111,23.666666666666668,3.2222222222222223,2.7777777777777777,3861111.111111111,7888.888888888889,,19.77777777777778,65.55555555555556,64.77777777777777,39.44444444444444,38.111111111111114,40.55555555555556,50.22222222222222,62.666666666666664,59.22222222222222,41.111111111111114,56.666666666666664,60.888888888888886,53.111111111111114,58.666666666666664,50.22222222222222,78.22222222222223,71.55555555555556,63.55555555555556,73.55555555555556,77.44444444444444,75.11111111111111,76.55555555555556,56.111111111111114,66.22222222222223,60.77777777777778,61.77777777777778,54.22222222222222,43.888888888888886,58.333333333333336,60.111111111111114,9.666666666666666,12.88888888888889,9.0,9.11111111111111,10.555555555555555
Zimbabwe,224122.42857142858,67.21428571428571,70.92857142857143,179.85714285714286,74.14285714285714,26.428571428571427,3.2857142857142856,2.642857142857143,2076785.7142857143,13428.57142857143,,21.857142857142858,62.357142857142854,64.07142857142857,43.42857142857143,45.714285714285715,47.285714285714285,62.642857142857146,63.214285714285715,58.285714285714285,44.57142857142857,56.642857142857146,60.214285714285715,50.142857142857146,59.42857142857143,52.5,74.14285714285714,68.35714285714286,70.28571428571429,69.35714285714286,73.07142857142857,67.92857142857143,70.07142857142857,60.5,63.5,55.714285714285715,52.642857142857146,51.785714285714285,42.714285714285715,56.92857142857143,52.0,10.928571428571429,10.785714285714286,9.857142857142858,9.857142857142858,10.357142857142858
